2026-01-16 00:25:20,439 - wordcloud.utils.font_utils - INFO - FontCache initialized
2026-01-16 00:25:20,439 - wordcloud.utils.text_processing - INFO - TextProcessor initialized: min_word_length=3, max_words=200, language=None, stemming=False, lemmatization=False, n_gram_range=None
2026-01-16 00:25:20,439 - Wordcloud - INFO - Wordcloud initialized: 800x500, strategy='random', max_words=200, performance_tracking=False
2026-01-16 00:25:20,439 - Wordcloud - INFO - Starting wordcloud generation
2026-01-16 00:25:20,439 - Wordcloud - INFO - Preparing text (length: 3967 characters)
2026-01-16 00:25:20,583 - Wordcloud - INFO - Prepared 192 words for wordcloud
2026-01-16 00:25:20,583 - Wordcloud - INFO - Finding positions for 192 words using strategy 'random'
2026-01-16 00:25:20,584 - wordcloud.utils.integral_image - INFO - IntegralImage initialized: 800x500, tracing=False, mask=none
2026-01-16 00:25:30,564 - Wordcloud - INFO - Could not place word 'adipiscing' even at min font size 14. Skipping.
2026-01-16 00:25:30,565 - Wordcloud - INFO - Could not place word 'morbi' even at min font size 14. Skipping.
2026-01-16 00:25:30,565 - Wordcloud - INFO - Could not place word 'tristique' even at min font size 14. Skipping.
2026-01-16 00:25:30,565 - Wordcloud - INFO - Could not place word 'rhoncus' even at min font size 14. Skipping.
2026-01-16 00:25:30,565 - Wordcloud - INFO - Could not place word 'vulputate' even at min font size 14. Skipping.
2026-01-16 00:25:30,565 - Wordcloud - INFO - Could not place word 'nibh' even at min font size 14. Skipping.
2026-01-16 00:25:30,565 - Wordcloud - INFO - Could not place word 'imperdiet' even at min font size 14. Skipping.
2026-01-16 00:25:30,565 - Wordcloud - INFO - Could not place word 'commodo' even at min font size 14. Skipping.
2026-01-16 00:25:30,565 - Wordcloud - INFO - Could not place word 'suspendisse' even at min font size 14. Skipping.
2026-01-16 00:25:30,565 - Wordcloud - INFO - Could not place word 'wisi' even at min font size 14. Skipping.
2026-01-16 00:25:30,565 - Wordcloud - INFO - Could not place word 'lobortis' even at min font size 14. Skipping.
2026-01-16 00:25:30,565 - Wordcloud - INFO - Could not place word 'posuere' even at min font size 14. Skipping.
2026-01-16 00:25:30,565 - Wordcloud - INFO - Could not place word 'gravida' even at min font size 14. Skipping.
2026-01-16 00:25:30,565 - Wordcloud - INFO - Could not place word 'perspiciatis' even at min font size 14. Skipping.
2026-01-16 00:25:30,565 - Wordcloud - INFO - Could not place word 'unde' even at min font size 14. Skipping.
2026-01-16 00:25:30,565 - Wordcloud - INFO - Could not place word 'iste' even at min font size 14. Skipping.
2026-01-16 00:25:30,565 - Wordcloud - INFO - Could not place word 'natus' even at min font size 14. Skipping.
2026-01-16 00:25:30,565 - Wordcloud - INFO - Could not place word 'error' even at min font size 14. Skipping.
2026-01-16 00:25:30,565 - Wordcloud - INFO - Could not place word 'voluptatem' even at min font size 14. Skipping.
2026-01-16 00:25:30,565 - Wordcloud - INFO - Could not place word 'accusantium' even at min font size 14. Skipping.
2026-01-16 00:25:30,565 - Wordcloud - INFO - Could not place word 'doloremque' even at min font size 14. Skipping.
2026-01-16 00:25:30,565 - Wordcloud - INFO - Could not place word 'laudantium' even at min font size 14. Skipping.
2026-01-16 00:25:30,565 - Wordcloud - INFO - Could not place word 'totam' even at min font size 14. Skipping.
2026-01-16 00:25:30,565 - Wordcloud - INFO - Could not place word 'rem' even at min font size 14. Skipping.
2026-01-16 00:25:30,565 - Wordcloud - INFO - Could not place word 'aperiam' even at min font size 14. Skipping.
2026-01-16 00:25:30,565 - Wordcloud - INFO - Could not place word 'eaque' even at min font size 14. Skipping.
2026-01-16 00:25:30,565 - Wordcloud - INFO - Could not place word 'ipsa' even at min font size 14. Skipping.
2026-01-16 00:25:30,565 - Wordcloud - INFO - Could not place word 'quae' even at min font size 14. Skipping.
2026-01-16 00:25:30,565 - Wordcloud - INFO - Could not place word 'illo' even at min font size 14. Skipping.
2026-01-16 00:25:30,565 - Wordcloud - INFO - Could not place word 'inventore' even at min font size 14. Skipping.
2026-01-16 00:25:30,565 - Wordcloud - INFO - Could not place word 'veritatis' even at min font size 14. Skipping.
2026-01-16 00:25:30,565 - Wordcloud - INFO - Could not place word 'quasi' even at min font size 14. Skipping.
2026-01-16 00:25:30,565 - Wordcloud - INFO - Could not place word 'architecto' even at min font size 14. Skipping.
2026-01-16 00:25:30,565 - Wordcloud - INFO - Could not place word 'beatae' even at min font size 14. Skipping.
2026-01-16 00:25:30,565 - Wordcloud - INFO - Could not place word 'dicta' even at min font size 14. Skipping.
2026-01-16 00:25:30,565 - Wordcloud - INFO - Could not place word 'sunt' even at min font size 14. Skipping.
2026-01-16 00:25:30,565 - Wordcloud - INFO - Could not place word 'explicabo' even at min font size 14. Skipping.
2026-01-16 00:25:30,565 - Wordcloud - INFO - Could not place word 'veniam' even at min font size 14. Skipping.
2026-01-16 00:25:30,565 - Wordcloud - INFO - Could not place word 'nisi' even at min font size 14. Skipping.
2026-01-16 00:25:30,565 - Wordcloud - INFO - Could not place word 'venenatis' even at min font size 14. Skipping.
2026-01-16 00:25:30,565 - Wordcloud - INFO - Could not place word 'tincidunt' even at min font size 14. Skipping.
2026-01-16 00:25:30,565 - Wordcloud - INFO - Could not place word 'pede' even at min font size 14. Skipping.
2026-01-16 00:25:30,565 - Wordcloud - INFO - Could not place word 'per' even at min font size 14. Skipping.
2026-01-16 00:25:30,565 - Wordcloud - INFO - Could not place word 'metus' even at min font size 14. Skipping.
2026-01-16 00:25:30,565 - Wordcloud - INFO - Could not place word 'tellus' even at min font size 14. Skipping.
2026-01-16 00:25:30,565 - Wordcloud - INFO - Could not place word 'felis' even at min font size 14. Skipping.
2026-01-16 00:25:30,565 - Wordcloud - INFO - Could not place word 'varius' even at min font size 14. Skipping.
2026-01-16 00:25:30,565 - Wordcloud - INFO - Could not place word 'semper' even at min font size 14. Skipping.
2026-01-16 00:25:30,565 - Wordcloud - INFO - Could not place word 'mollis' even at min font size 14. Skipping.
2026-01-16 00:25:30,565 - Wordcloud - INFO - Could not place word 'curabitur' even at min font size 14. Skipping.
2026-01-16 00:25:30,565 - Wordcloud - INFO - Could not place word 'pretium' even at min font size 14. Skipping.
2026-01-16 00:25:30,565 - Wordcloud - INFO - Could not place word 'pulvinar' even at min font size 14. Skipping.
2026-01-16 00:25:30,565 - Wordcloud - INFO - Could not place word 'massa' even at min font size 14. Skipping.
2026-01-16 00:25:30,565 - Wordcloud - INFO - Could not place word 'augue' even at min font size 14. Skipping.
2026-01-16 00:25:30,565 - Wordcloud - INFO - Could not place word 'sollicitudin' even at min font size 14. Skipping.
2026-01-16 00:25:30,565 - Wordcloud - INFO - Could not place word 'quisque' even at min font size 14. Skipping.
2026-01-16 00:25:30,565 - Wordcloud - INFO - Could not place word 'porta' even at min font size 14. Skipping.
2026-01-16 00:25:30,565 - Wordcloud - INFO - Could not place word 'justo' even at min font size 14. Skipping.
2026-01-16 00:25:30,565 - Wordcloud - INFO - Could not place word 'pharetra' even at min font size 14. Skipping.
2026-01-16 00:25:30,565 - Wordcloud - INFO - Could not place word 'feugiat' even at min font size 14. Skipping.
2026-01-16 00:25:30,565 - Wordcloud - INFO - Could not place word 'scelerisque' even at min font size 14. Skipping.
2026-01-16 00:25:30,565 - Wordcloud - INFO - Could not place word 'nisl' even at min font size 14. Skipping.
2026-01-16 00:25:30,566 - Wordcloud - INFO - Could not place word 'ornare' even at min font size 14. Skipping.
2026-01-16 00:25:30,566 - Wordcloud - INFO - Could not place word 'minim' even at min font size 14. Skipping.
2026-01-16 00:25:30,566 - Wordcloud - INFO - Could not place word 'nostrud' even at min font size 14. Skipping.
2026-01-16 00:25:30,566 - Wordcloud - INFO - Could not place word 'exercitation' even at min font size 14. Skipping.
2026-01-16 00:25:30,566 - Wordcloud - INFO - Could not place word 'ullamco' even at min font size 14. Skipping.
2026-01-16 00:25:30,566 - Wordcloud - INFO - Could not place word 'laboris' even at min font size 14. Skipping.
2026-01-16 00:25:30,566 - Wordcloud - INFO - Could not place word 'aliquip' even at min font size 14. Skipping.
2026-01-16 00:25:30,566 - Wordcloud - INFO - Could not place word 'duis' even at min font size 14. Skipping.
2026-01-16 00:25:30,566 - Wordcloud - INFO - Could not place word 'molestie' even at min font size 14. Skipping.
2026-01-16 00:25:30,566 - Wordcloud - INFO - Could not place word 'purus' even at min font size 14. Skipping.
2026-01-16 00:25:30,566 - Wordcloud - INFO - Could not place word 'congue' even at min font size 14. Skipping.
2026-01-16 00:25:30,566 - Wordcloud - INFO - Could not place word 'class' even at min font size 14. Skipping.
2026-01-16 00:25:30,566 - Wordcloud - INFO - Could not place word 'aptent' even at min font size 14. Skipping.
2026-01-16 00:25:30,566 - Wordcloud - INFO - Could not place word 'taciti' even at min font size 14. Skipping.
2026-01-16 00:25:30,566 - Wordcloud - INFO - Could not place word 'sociosqu' even at min font size 14. Skipping.
2026-01-16 00:25:30,566 - Wordcloud - INFO - Could not place word 'litora' even at min font size 14. Skipping.
2026-01-16 00:25:30,566 - Wordcloud - INFO - Could not place word 'torquent' even at min font size 14. Skipping.
2026-01-16 00:25:30,566 - Wordcloud - INFO - Could not place word 'conubia' even at min font size 14. Skipping.
2026-01-16 00:25:30,566 - Wordcloud - INFO - Could not place word 'nostra' even at min font size 14. Skipping.
2026-01-16 00:25:30,566 - Wordcloud - INFO - Could not place word 'inceptos' even at min font size 14. Skipping.
2026-01-16 00:25:30,566 - Wordcloud - INFO - Could not place word 'hymenaeos' even at min font size 14. Skipping.
2026-01-16 00:25:30,566 - Wordcloud - INFO - Could not place word 'odio' even at min font size 14. Skipping.
2026-01-16 00:25:30,566 - Wordcloud - INFO - Could not place word 'placerat' even at min font size 14. Skipping.
2026-01-16 00:25:30,566 - Wordcloud - INFO - Could not place word 'praesent' even at min font size 14. Skipping.
2026-01-16 00:25:30,566 - Wordcloud - INFO - Could not place word 'cursus' even at min font size 14. Skipping.
2026-01-16 00:25:30,566 - Wordcloud - INFO - Could not place word 'cras' even at min font size 14. Skipping.
2026-01-16 00:25:30,566 - Wordcloud - INFO - Could not place word 'neque' even at min font size 14. Skipping.
2026-01-16 00:25:30,566 - Wordcloud - INFO - Could not place word 'fringilla' even at min font size 14. Skipping.
2026-01-16 00:25:30,566 - Wordcloud - INFO - Could not place word 'donec' even at min font size 14. Skipping.
2026-01-16 00:25:30,566 - Wordcloud - INFO - Could not place word 'iaculis' even at min font size 14. Skipping.
2026-01-16 00:25:30,566 - Wordcloud - INFO - Could not place word 'egestas' even at min font size 14. Skipping.
2026-01-16 00:25:30,566 - Wordcloud - INFO - Could not place word 'ligula' even at min font size 14. Skipping.
2026-01-16 00:25:30,566 - Wordcloud - INFO - Could not place word 'facilisis' even at min font size 14. Skipping.
2026-01-16 00:25:30,566 - Wordcloud - INFO - Could not place word 'minima' even at min font size 14. Skipping.
2026-01-16 00:25:30,566 - Wordcloud - INFO - Could not place word 'nostrum' even at min font size 14. Skipping.
2026-01-16 00:25:30,566 - Wordcloud - INFO - Could not place word 'exercitationem' even at min font size 14. Skipping.
2026-01-16 00:25:30,566 - Wordcloud - INFO - Could not place word 'ullam' even at min font size 14. Skipping.
2026-01-16 00:25:30,566 - Wordcloud - INFO - Could not place word 'corporis' even at min font size 14. Skipping.
2026-01-16 00:25:30,566 - Wordcloud - INFO - Could not place word 'laboriosam' even at min font size 14. Skipping.
2026-01-16 00:25:30,566 - Wordcloud - INFO - Could not place word 'aliquid' even at min font size 14. Skipping.
2026-01-16 00:25:30,566 - Wordcloud - INFO - Could not place word 'commodi' even at min font size 14. Skipping.
2026-01-16 00:25:30,566 - Wordcloud - INFO - Could not place word 'consequatur' even at min font size 14. Skipping.
2026-01-16 00:25:30,566 - Wordcloud - INFO - Could not place word 'ultrices' even at min font size 14. Skipping.
2026-01-16 00:25:30,566 - Wordcloud - INFO - Could not place word 'nam' even at min font size 14. Skipping.
2026-01-16 00:25:30,566 - Wordcloud - INFO - Could not place word 'tempore' even at min font size 14. Skipping.
2026-01-16 00:25:30,566 - Wordcloud - INFO - Could not place word 'cum' even at min font size 14. Skipping.
2026-01-16 00:25:30,566 - Wordcloud - INFO - Could not place word 'soluta' even at min font size 14. Skipping.
2026-01-16 00:25:30,566 - Wordcloud - INFO - Could not place word 'nobis' even at min font size 14. Skipping.
2026-01-16 00:25:30,566 - Wordcloud - INFO - Could not place word 'eligendi' even at min font size 14. Skipping.
2026-01-16 00:25:30,566 - Wordcloud - INFO - Could not place word 'optio' even at min font size 14. Skipping.
2026-01-16 00:25:30,566 - Wordcloud - INFO - Could not place word 'cumque' even at min font size 14. Skipping.
2026-01-16 00:25:30,566 - Wordcloud - INFO - Could not place word 'nihil' even at min font size 14. Skipping.
2026-01-16 00:25:30,566 - Wordcloud - INFO - Could not place word 'impedit' even at min font size 14. Skipping.
2026-01-16 00:25:30,566 - Wordcloud - INFO - Could not place word 'quo' even at min font size 14. Skipping.
2026-01-16 00:25:30,566 - Wordcloud - INFO - Could not place word 'minus' even at min font size 14. Skipping.
2026-01-16 00:25:30,566 - Wordcloud - INFO - Could not place word 'quod' even at min font size 14. Skipping.
2026-01-16 00:25:30,566 - Wordcloud - INFO - Could not place word 'maxime' even at min font size 14. Skipping.
2026-01-16 00:25:30,566 - Wordcloud - INFO - Could not place word 'placeat' even at min font size 14. Skipping.
2026-01-16 00:25:30,566 - Wordcloud - INFO - Could not place word 'facere' even at min font size 14. Skipping.
2026-01-16 00:25:30,566 - Wordcloud - INFO - Could not place word 'possimus' even at min font size 14. Skipping.
2026-01-16 00:25:30,566 - Wordcloud - INFO - Could not place word 'voluptas' even at min font size 14. Skipping.
2026-01-16 00:25:30,566 - Wordcloud - INFO - Could not place word 'assumenda' even at min font size 14. Skipping.
2026-01-16 00:25:30,566 - Wordcloud - INFO - Could not place word 'repellendus' even at min font size 14. Skipping.
2026-01-16 00:25:30,566 - Wordcloud - INFO - Could not place word 'dictum' even at min font size 14. Skipping.
2026-01-16 00:25:30,566 - Wordcloud - INFO - Could not place word 'nunc' even at min font size 14. Skipping.
2026-01-16 00:25:30,566 - Wordcloud - INFO - Could not place word 'euismod' even at min font size 14. Skipping.
2026-01-16 00:25:30,566 - Wordcloud - INFO - Could not place word 'risus' even at min font size 14. Skipping.
2026-01-16 00:25:30,566 - Wordcloud - INFO - Successfully placed 63 words
2026-01-16 00:25:30,567 - Wordcloud - INFO - Wordcloud generation completed
2026-01-16 00:25:30,567 - wordcloud.utils.font_utils - INFO - FontCache initialized
2026-01-16 00:25:30,567 - wordcloud.utils.text_processing - INFO - TextProcessor initialized: min_word_length=3, max_words=200, language=None, stemming=False, lemmatization=False, n_gram_range=None
2026-01-16 00:25:30,567 - Wordcloud - INFO - Wordcloud initialized: 800x500, strategy='brute', max_words=200, performance_tracking=False
2026-01-16 00:25:30,568 - Wordcloud - INFO - Starting wordcloud generation
2026-01-16 00:25:30,568 - Wordcloud - INFO - Preparing text (length: 3967 characters)
2026-01-16 00:25:30,576 - Wordcloud - INFO - Prepared 192 words for wordcloud
2026-01-16 00:25:30,576 - Wordcloud - INFO - Finding positions for 192 words using strategy 'brute'
2026-01-16 00:25:30,576 - wordcloud.utils.integral_image - INFO - IntegralImage initialized: 800x500, tracing=False, mask=none
2026-01-16 00:25:32,415 - Wordcloud - INFO - Could not place word 'adipiscing' even at min font size 14. Skipping.
2026-01-16 00:25:32,415 - Wordcloud - INFO - Could not place word 'morbi' even at min font size 14. Skipping.
2026-01-16 00:25:32,415 - Wordcloud - INFO - Could not place word 'tristique' even at min font size 14. Skipping.
2026-01-16 00:25:32,415 - Wordcloud - INFO - Could not place word 'rhoncus' even at min font size 14. Skipping.
2026-01-16 00:25:32,415 - Wordcloud - INFO - Could not place word 'vulputate' even at min font size 14. Skipping.
2026-01-16 00:25:32,415 - Wordcloud - INFO - Could not place word 'nibh' even at min font size 14. Skipping.
2026-01-16 00:25:32,415 - Wordcloud - INFO - Could not place word 'imperdiet' even at min font size 14. Skipping.
2026-01-16 00:25:32,415 - Wordcloud - INFO - Could not place word 'commodo' even at min font size 14. Skipping.
2026-01-16 00:25:32,415 - Wordcloud - INFO - Could not place word 'suspendisse' even at min font size 14. Skipping.
2026-01-16 00:25:32,415 - Wordcloud - INFO - Could not place word 'wisi' even at min font size 14. Skipping.
2026-01-16 00:25:32,415 - Wordcloud - INFO - Could not place word 'lobortis' even at min font size 14. Skipping.
2026-01-16 00:25:32,415 - Wordcloud - INFO - Could not place word 'posuere' even at min font size 14. Skipping.
2026-01-16 00:25:32,415 - Wordcloud - INFO - Could not place word 'gravida' even at min font size 14. Skipping.
2026-01-16 00:25:32,415 - Wordcloud - INFO - Could not place word 'perspiciatis' even at min font size 14. Skipping.
2026-01-16 00:25:32,415 - Wordcloud - INFO - Could not place word 'unde' even at min font size 14. Skipping.
2026-01-16 00:25:32,415 - Wordcloud - INFO - Could not place word 'iste' even at min font size 14. Skipping.
2026-01-16 00:25:32,415 - Wordcloud - INFO - Could not place word 'natus' even at min font size 14. Skipping.
2026-01-16 00:25:32,415 - Wordcloud - INFO - Could not place word 'error' even at min font size 14. Skipping.
2026-01-16 00:25:32,415 - Wordcloud - INFO - Could not place word 'voluptatem' even at min font size 14. Skipping.
2026-01-16 00:25:32,415 - Wordcloud - INFO - Could not place word 'accusantium' even at min font size 14. Skipping.
2026-01-16 00:25:32,415 - Wordcloud - INFO - Could not place word 'doloremque' even at min font size 14. Skipping.
2026-01-16 00:25:32,415 - Wordcloud - INFO - Could not place word 'laudantium' even at min font size 14. Skipping.
2026-01-16 00:25:32,415 - Wordcloud - INFO - Could not place word 'totam' even at min font size 14. Skipping.
2026-01-16 00:25:32,415 - Wordcloud - INFO - Could not place word 'rem' even at min font size 14. Skipping.
2026-01-16 00:25:32,415 - Wordcloud - INFO - Could not place word 'aperiam' even at min font size 14. Skipping.
2026-01-16 00:25:32,415 - Wordcloud - INFO - Could not place word 'eaque' even at min font size 14. Skipping.
2026-01-16 00:25:32,415 - Wordcloud - INFO - Could not place word 'ipsa' even at min font size 14. Skipping.
2026-01-16 00:25:32,415 - Wordcloud - INFO - Could not place word 'quae' even at min font size 14. Skipping.
2026-01-16 00:25:32,415 - Wordcloud - INFO - Could not place word 'illo' even at min font size 14. Skipping.
2026-01-16 00:25:32,415 - Wordcloud - INFO - Could not place word 'inventore' even at min font size 14. Skipping.
2026-01-16 00:25:32,415 - Wordcloud - INFO - Could not place word 'veritatis' even at min font size 14. Skipping.
2026-01-16 00:25:32,415 - Wordcloud - INFO - Could not place word 'quasi' even at min font size 14. Skipping.
2026-01-16 00:25:32,415 - Wordcloud - INFO - Could not place word 'architecto' even at min font size 14. Skipping.
2026-01-16 00:25:32,415 - Wordcloud - INFO - Could not place word 'beatae' even at min font size 14. Skipping.
2026-01-16 00:25:32,415 - Wordcloud - INFO - Could not place word 'dicta' even at min font size 14. Skipping.
2026-01-16 00:25:32,415 - Wordcloud - INFO - Could not place word 'sunt' even at min font size 14. Skipping.
2026-01-16 00:25:32,415 - Wordcloud - INFO - Could not place word 'explicabo' even at min font size 14. Skipping.
2026-01-16 00:25:32,415 - Wordcloud - INFO - Could not place word 'veniam' even at min font size 14. Skipping.
2026-01-16 00:25:32,415 - Wordcloud - INFO - Could not place word 'nisi' even at min font size 14. Skipping.
2026-01-16 00:25:32,415 - Wordcloud - INFO - Could not place word 'venenatis' even at min font size 14. Skipping.
2026-01-16 00:25:32,415 - Wordcloud - INFO - Could not place word 'tincidunt' even at min font size 14. Skipping.
2026-01-16 00:25:32,415 - Wordcloud - INFO - Could not place word 'pede' even at min font size 14. Skipping.
2026-01-16 00:25:32,415 - Wordcloud - INFO - Could not place word 'per' even at min font size 14. Skipping.
2026-01-16 00:25:32,415 - Wordcloud - INFO - Could not place word 'metus' even at min font size 14. Skipping.
2026-01-16 00:25:32,415 - Wordcloud - INFO - Could not place word 'tellus' even at min font size 14. Skipping.
2026-01-16 00:25:32,415 - Wordcloud - INFO - Could not place word 'felis' even at min font size 14. Skipping.
2026-01-16 00:25:32,415 - Wordcloud - INFO - Could not place word 'varius' even at min font size 14. Skipping.
2026-01-16 00:25:32,415 - Wordcloud - INFO - Could not place word 'semper' even at min font size 14. Skipping.
2026-01-16 00:25:32,415 - Wordcloud - INFO - Could not place word 'mollis' even at min font size 14. Skipping.
2026-01-16 00:25:32,415 - Wordcloud - INFO - Could not place word 'curabitur' even at min font size 14. Skipping.
2026-01-16 00:25:32,415 - Wordcloud - INFO - Could not place word 'pretium' even at min font size 14. Skipping.
2026-01-16 00:25:32,415 - Wordcloud - INFO - Could not place word 'pulvinar' even at min font size 14. Skipping.
2026-01-16 00:25:32,415 - Wordcloud - INFO - Could not place word 'massa' even at min font size 14. Skipping.
2026-01-16 00:25:32,415 - Wordcloud - INFO - Could not place word 'augue' even at min font size 14. Skipping.
2026-01-16 00:25:32,415 - Wordcloud - INFO - Could not place word 'sollicitudin' even at min font size 14. Skipping.
2026-01-16 00:25:32,415 - Wordcloud - INFO - Could not place word 'quisque' even at min font size 14. Skipping.
2026-01-16 00:25:32,415 - Wordcloud - INFO - Could not place word 'porta' even at min font size 14. Skipping.
2026-01-16 00:25:32,415 - Wordcloud - INFO - Could not place word 'justo' even at min font size 14. Skipping.
2026-01-16 00:25:32,415 - Wordcloud - INFO - Could not place word 'pharetra' even at min font size 14. Skipping.
2026-01-16 00:25:32,415 - Wordcloud - INFO - Could not place word 'feugiat' even at min font size 14. Skipping.
2026-01-16 00:25:32,415 - Wordcloud - INFO - Could not place word 'scelerisque' even at min font size 14. Skipping.
2026-01-16 00:25:32,415 - Wordcloud - INFO - Could not place word 'nisl' even at min font size 14. Skipping.
2026-01-16 00:25:32,415 - Wordcloud - INFO - Could not place word 'ornare' even at min font size 14. Skipping.
2026-01-16 00:25:32,415 - Wordcloud - INFO - Could not place word 'minim' even at min font size 14. Skipping.
2026-01-16 00:25:32,415 - Wordcloud - INFO - Could not place word 'nostrud' even at min font size 14. Skipping.
2026-01-16 00:25:32,415 - Wordcloud - INFO - Could not place word 'exercitation' even at min font size 14. Skipping.
2026-01-16 00:25:32,415 - Wordcloud - INFO - Could not place word 'ullamco' even at min font size 14. Skipping.
2026-01-16 00:25:32,416 - Wordcloud - INFO - Could not place word 'laboris' even at min font size 14. Skipping.
2026-01-16 00:25:32,416 - Wordcloud - INFO - Could not place word 'aliquip' even at min font size 14. Skipping.
2026-01-16 00:25:32,416 - Wordcloud - INFO - Could not place word 'duis' even at min font size 14. Skipping.
2026-01-16 00:25:32,416 - Wordcloud - INFO - Could not place word 'molestie' even at min font size 14. Skipping.
2026-01-16 00:25:32,416 - Wordcloud - INFO - Could not place word 'purus' even at min font size 14. Skipping.
2026-01-16 00:25:32,416 - Wordcloud - INFO - Could not place word 'congue' even at min font size 14. Skipping.
2026-01-16 00:25:32,416 - Wordcloud - INFO - Could not place word 'class' even at min font size 14. Skipping.
2026-01-16 00:25:32,416 - Wordcloud - INFO - Could not place word 'aptent' even at min font size 14. Skipping.
2026-01-16 00:25:32,416 - Wordcloud - INFO - Could not place word 'taciti' even at min font size 14. Skipping.
2026-01-16 00:25:32,416 - Wordcloud - INFO - Could not place word 'sociosqu' even at min font size 14. Skipping.
2026-01-16 00:25:32,416 - Wordcloud - INFO - Could not place word 'litora' even at min font size 14. Skipping.
2026-01-16 00:25:32,416 - Wordcloud - INFO - Could not place word 'torquent' even at min font size 14. Skipping.
2026-01-16 00:25:32,416 - Wordcloud - INFO - Could not place word 'conubia' even at min font size 14. Skipping.
2026-01-16 00:25:32,416 - Wordcloud - INFO - Could not place word 'nostra' even at min font size 14. Skipping.
2026-01-16 00:25:32,416 - Wordcloud - INFO - Could not place word 'inceptos' even at min font size 14. Skipping.
2026-01-16 00:25:32,416 - Wordcloud - INFO - Could not place word 'hymenaeos' even at min font size 14. Skipping.
2026-01-16 00:25:32,416 - Wordcloud - INFO - Could not place word 'odio' even at min font size 14. Skipping.
2026-01-16 00:25:32,416 - Wordcloud - INFO - Could not place word 'placerat' even at min font size 14. Skipping.
2026-01-16 00:25:32,416 - Wordcloud - INFO - Could not place word 'praesent' even at min font size 14. Skipping.
2026-01-16 00:25:32,416 - Wordcloud - INFO - Could not place word 'cursus' even at min font size 14. Skipping.
2026-01-16 00:25:32,416 - Wordcloud - INFO - Could not place word 'cras' even at min font size 14. Skipping.
2026-01-16 00:25:32,416 - Wordcloud - INFO - Could not place word 'neque' even at min font size 14. Skipping.
2026-01-16 00:25:32,416 - Wordcloud - INFO - Could not place word 'fringilla' even at min font size 14. Skipping.
2026-01-16 00:25:32,416 - Wordcloud - INFO - Could not place word 'donec' even at min font size 14. Skipping.
2026-01-16 00:25:32,416 - Wordcloud - INFO - Could not place word 'iaculis' even at min font size 14. Skipping.
2026-01-16 00:25:32,416 - Wordcloud - INFO - Could not place word 'egestas' even at min font size 14. Skipping.
2026-01-16 00:25:32,416 - Wordcloud - INFO - Could not place word 'ligula' even at min font size 14. Skipping.
2026-01-16 00:25:32,416 - Wordcloud - INFO - Could not place word 'facilisis' even at min font size 14. Skipping.
2026-01-16 00:25:32,416 - Wordcloud - INFO - Could not place word 'minima' even at min font size 14. Skipping.
2026-01-16 00:25:32,416 - Wordcloud - INFO - Could not place word 'nostrum' even at min font size 14. Skipping.
2026-01-16 00:25:32,416 - Wordcloud - INFO - Could not place word 'exercitationem' even at min font size 14. Skipping.
2026-01-16 00:25:32,416 - Wordcloud - INFO - Could not place word 'ullam' even at min font size 14. Skipping.
2026-01-16 00:25:32,416 - Wordcloud - INFO - Could not place word 'corporis' even at min font size 14. Skipping.
2026-01-16 00:25:32,416 - Wordcloud - INFO - Could not place word 'laboriosam' even at min font size 14. Skipping.
2026-01-16 00:25:32,416 - Wordcloud - INFO - Could not place word 'aliquid' even at min font size 14. Skipping.
2026-01-16 00:25:32,416 - Wordcloud - INFO - Could not place word 'commodi' even at min font size 14. Skipping.
2026-01-16 00:25:32,416 - Wordcloud - INFO - Could not place word 'consequatur' even at min font size 14. Skipping.
2026-01-16 00:25:32,416 - Wordcloud - INFO - Could not place word 'ultrices' even at min font size 14. Skipping.
2026-01-16 00:25:32,416 - Wordcloud - INFO - Could not place word 'nam' even at min font size 14. Skipping.
2026-01-16 00:25:32,416 - Wordcloud - INFO - Could not place word 'tempore' even at min font size 14. Skipping.
2026-01-16 00:25:32,416 - Wordcloud - INFO - Could not place word 'cum' even at min font size 14. Skipping.
2026-01-16 00:25:32,416 - Wordcloud - INFO - Could not place word 'soluta' even at min font size 14. Skipping.
2026-01-16 00:25:32,416 - Wordcloud - INFO - Could not place word 'nobis' even at min font size 14. Skipping.
2026-01-16 00:25:32,416 - Wordcloud - INFO - Could not place word 'eligendi' even at min font size 14. Skipping.
2026-01-16 00:25:32,416 - Wordcloud - INFO - Could not place word 'optio' even at min font size 14. Skipping.
2026-01-16 00:25:32,416 - Wordcloud - INFO - Could not place word 'cumque' even at min font size 14. Skipping.
2026-01-16 00:25:32,416 - Wordcloud - INFO - Could not place word 'nihil' even at min font size 14. Skipping.
2026-01-16 00:25:32,416 - Wordcloud - INFO - Could not place word 'impedit' even at min font size 14. Skipping.
2026-01-16 00:25:32,416 - Wordcloud - INFO - Could not place word 'quo' even at min font size 14. Skipping.
2026-01-16 00:25:32,416 - Wordcloud - INFO - Could not place word 'minus' even at min font size 14. Skipping.
2026-01-16 00:25:32,416 - Wordcloud - INFO - Could not place word 'quod' even at min font size 14. Skipping.
2026-01-16 00:25:32,416 - Wordcloud - INFO - Could not place word 'maxime' even at min font size 14. Skipping.
2026-01-16 00:25:32,416 - Wordcloud - INFO - Could not place word 'placeat' even at min font size 14. Skipping.
2026-01-16 00:25:32,416 - Wordcloud - INFO - Could not place word 'facere' even at min font size 14. Skipping.
2026-01-16 00:25:32,416 - Wordcloud - INFO - Could not place word 'possimus' even at min font size 14. Skipping.
2026-01-16 00:25:32,416 - Wordcloud - INFO - Could not place word 'voluptas' even at min font size 14. Skipping.
2026-01-16 00:25:32,416 - Wordcloud - INFO - Could not place word 'assumenda' even at min font size 14. Skipping.
2026-01-16 00:25:32,416 - Wordcloud - INFO - Could not place word 'repellendus' even at min font size 14. Skipping.
2026-01-16 00:25:32,416 - Wordcloud - INFO - Could not place word 'dictum' even at min font size 14. Skipping.
2026-01-16 00:25:32,416 - Wordcloud - INFO - Could not place word 'nunc' even at min font size 14. Skipping.
2026-01-16 00:25:32,416 - Wordcloud - INFO - Could not place word 'euismod' even at min font size 14. Skipping.
2026-01-16 00:25:32,416 - Wordcloud - INFO - Could not place word 'risus' even at min font size 14. Skipping.
2026-01-16 00:25:32,416 - Wordcloud - INFO - Successfully placed 63 words
2026-01-16 00:25:32,416 - Wordcloud - INFO - Wordcloud generation completed
2026-01-16 00:25:32,417 - wordcloud.utils.font_utils - INFO - FontCache initialized
2026-01-16 00:25:32,417 - wordcloud.utils.text_processing - INFO - TextProcessor initialized: min_word_length=3, max_words=200, language=None, stemming=False, lemmatization=False, n_gram_range=None
2026-01-16 00:25:32,417 - Wordcloud - INFO - Wordcloud initialized: 800x500, strategy='archimedian', max_words=200, performance_tracking=False
2026-01-16 00:25:32,417 - Wordcloud - INFO - Starting wordcloud generation
2026-01-16 00:25:32,417 - Wordcloud - INFO - Preparing text (length: 3967 characters)
2026-01-16 00:25:32,425 - Wordcloud - INFO - Prepared 192 words for wordcloud
2026-01-16 00:25:32,425 - Wordcloud - INFO - Finding positions for 192 words using strategy 'archimedian'
2026-01-16 00:25:32,426 - wordcloud.utils.integral_image - INFO - IntegralImage initialized: 800x500, tracing=False, mask=none
2026-01-16 00:25:42,865 - Wordcloud - INFO - Could not place word 'adipiscing' even at min font size 14. Skipping.
2026-01-16 00:25:42,866 - Wordcloud - INFO - Could not place word 'morbi' even at min font size 14. Skipping.
2026-01-16 00:25:42,866 - Wordcloud - INFO - Could not place word 'tristique' even at min font size 14. Skipping.
2026-01-16 00:25:42,866 - Wordcloud - INFO - Could not place word 'rhoncus' even at min font size 14. Skipping.
2026-01-16 00:25:42,866 - Wordcloud - INFO - Could not place word 'vulputate' even at min font size 14. Skipping.
2026-01-16 00:25:42,866 - Wordcloud - INFO - Could not place word 'nibh' even at min font size 14. Skipping.
2026-01-16 00:25:42,866 - Wordcloud - INFO - Could not place word 'imperdiet' even at min font size 14. Skipping.
2026-01-16 00:25:42,866 - Wordcloud - INFO - Could not place word 'commodo' even at min font size 14. Skipping.
2026-01-16 00:25:42,866 - Wordcloud - INFO - Could not place word 'suspendisse' even at min font size 14. Skipping.
2026-01-16 00:25:42,866 - Wordcloud - INFO - Could not place word 'wisi' even at min font size 14. Skipping.
2026-01-16 00:25:42,866 - Wordcloud - INFO - Could not place word 'lobortis' even at min font size 14. Skipping.
2026-01-16 00:25:42,866 - Wordcloud - INFO - Could not place word 'posuere' even at min font size 14. Skipping.
2026-01-16 00:25:42,866 - Wordcloud - INFO - Could not place word 'gravida' even at min font size 14. Skipping.
2026-01-16 00:25:42,866 - Wordcloud - INFO - Could not place word 'perspiciatis' even at min font size 14. Skipping.
2026-01-16 00:25:42,866 - Wordcloud - INFO - Could not place word 'unde' even at min font size 14. Skipping.
2026-01-16 00:25:42,866 - Wordcloud - INFO - Could not place word 'iste' even at min font size 14. Skipping.
2026-01-16 00:25:42,866 - Wordcloud - INFO - Could not place word 'natus' even at min font size 14. Skipping.
2026-01-16 00:25:42,866 - Wordcloud - INFO - Could not place word 'error' even at min font size 14. Skipping.
2026-01-16 00:25:42,866 - Wordcloud - INFO - Could not place word 'voluptatem' even at min font size 14. Skipping.
2026-01-16 00:25:42,866 - Wordcloud - INFO - Could not place word 'accusantium' even at min font size 14. Skipping.
2026-01-16 00:25:42,866 - Wordcloud - INFO - Could not place word 'doloremque' even at min font size 14. Skipping.
2026-01-16 00:25:42,866 - Wordcloud - INFO - Could not place word 'laudantium' even at min font size 14. Skipping.
2026-01-16 00:25:42,866 - Wordcloud - INFO - Could not place word 'totam' even at min font size 14. Skipping.
2026-01-16 00:25:42,866 - Wordcloud - INFO - Could not place word 'rem' even at min font size 14. Skipping.
2026-01-16 00:25:42,866 - Wordcloud - INFO - Could not place word 'aperiam' even at min font size 14. Skipping.
2026-01-16 00:25:42,866 - Wordcloud - INFO - Could not place word 'eaque' even at min font size 14. Skipping.
2026-01-16 00:25:42,866 - Wordcloud - INFO - Could not place word 'ipsa' even at min font size 14. Skipping.
2026-01-16 00:25:42,866 - Wordcloud - INFO - Could not place word 'quae' even at min font size 14. Skipping.
2026-01-16 00:25:42,866 - Wordcloud - INFO - Could not place word 'illo' even at min font size 14. Skipping.
2026-01-16 00:25:42,866 - Wordcloud - INFO - Could not place word 'inventore' even at min font size 14. Skipping.
2026-01-16 00:25:42,866 - Wordcloud - INFO - Could not place word 'veritatis' even at min font size 14. Skipping.
2026-01-16 00:25:42,866 - Wordcloud - INFO - Could not place word 'quasi' even at min font size 14. Skipping.
2026-01-16 00:25:42,866 - Wordcloud - INFO - Could not place word 'architecto' even at min font size 14. Skipping.
2026-01-16 00:25:42,866 - Wordcloud - INFO - Could not place word 'beatae' even at min font size 14. Skipping.
2026-01-16 00:25:42,866 - Wordcloud - INFO - Could not place word 'dicta' even at min font size 14. Skipping.
2026-01-16 00:25:42,866 - Wordcloud - INFO - Could not place word 'sunt' even at min font size 14. Skipping.
2026-01-16 00:25:42,866 - Wordcloud - INFO - Could not place word 'explicabo' even at min font size 14. Skipping.
2026-01-16 00:25:42,866 - Wordcloud - INFO - Could not place word 'veniam' even at min font size 14. Skipping.
2026-01-16 00:25:42,866 - Wordcloud - INFO - Could not place word 'nisi' even at min font size 14. Skipping.
2026-01-16 00:25:42,866 - Wordcloud - INFO - Could not place word 'venenatis' even at min font size 14. Skipping.
2026-01-16 00:25:42,866 - Wordcloud - INFO - Could not place word 'tincidunt' even at min font size 14. Skipping.
2026-01-16 00:25:42,866 - Wordcloud - INFO - Could not place word 'pede' even at min font size 14. Skipping.
2026-01-16 00:25:42,866 - Wordcloud - INFO - Could not place word 'per' even at min font size 14. Skipping.
2026-01-16 00:25:42,866 - Wordcloud - INFO - Could not place word 'metus' even at min font size 14. Skipping.
2026-01-16 00:25:42,866 - Wordcloud - INFO - Could not place word 'tellus' even at min font size 14. Skipping.
2026-01-16 00:25:42,866 - Wordcloud - INFO - Could not place word 'felis' even at min font size 14. Skipping.
2026-01-16 00:25:42,866 - Wordcloud - INFO - Could not place word 'varius' even at min font size 14. Skipping.
2026-01-16 00:25:42,866 - Wordcloud - INFO - Could not place word 'semper' even at min font size 14. Skipping.
2026-01-16 00:25:42,866 - Wordcloud - INFO - Could not place word 'mollis' even at min font size 14. Skipping.
2026-01-16 00:25:42,866 - Wordcloud - INFO - Could not place word 'curabitur' even at min font size 14. Skipping.
2026-01-16 00:25:42,866 - Wordcloud - INFO - Could not place word 'pretium' even at min font size 14. Skipping.
2026-01-16 00:25:42,866 - Wordcloud - INFO - Could not place word 'pulvinar' even at min font size 14. Skipping.
2026-01-16 00:25:42,866 - Wordcloud - INFO - Could not place word 'massa' even at min font size 14. Skipping.
2026-01-16 00:25:42,866 - Wordcloud - INFO - Could not place word 'augue' even at min font size 14. Skipping.
2026-01-16 00:25:42,866 - Wordcloud - INFO - Could not place word 'sollicitudin' even at min font size 14. Skipping.
2026-01-16 00:25:42,866 - Wordcloud - INFO - Could not place word 'quisque' even at min font size 14. Skipping.
2026-01-16 00:25:42,866 - Wordcloud - INFO - Could not place word 'porta' even at min font size 14. Skipping.
2026-01-16 00:25:42,866 - Wordcloud - INFO - Could not place word 'justo' even at min font size 14. Skipping.
2026-01-16 00:25:42,866 - Wordcloud - INFO - Could not place word 'pharetra' even at min font size 14. Skipping.
2026-01-16 00:25:42,866 - Wordcloud - INFO - Could not place word 'feugiat' even at min font size 14. Skipping.
2026-01-16 00:25:42,866 - Wordcloud - INFO - Could not place word 'scelerisque' even at min font size 14. Skipping.
2026-01-16 00:25:42,866 - Wordcloud - INFO - Could not place word 'nisl' even at min font size 14. Skipping.
2026-01-16 00:25:42,866 - Wordcloud - INFO - Could not place word 'ornare' even at min font size 14. Skipping.
2026-01-16 00:25:42,866 - Wordcloud - INFO - Could not place word 'minim' even at min font size 14. Skipping.
2026-01-16 00:25:42,866 - Wordcloud - INFO - Could not place word 'nostrud' even at min font size 14. Skipping.
2026-01-16 00:25:42,866 - Wordcloud - INFO - Could not place word 'exercitation' even at min font size 14. Skipping.
2026-01-16 00:25:42,866 - Wordcloud - INFO - Could not place word 'ullamco' even at min font size 14. Skipping.
2026-01-16 00:25:42,866 - Wordcloud - INFO - Could not place word 'laboris' even at min font size 14. Skipping.
2026-01-16 00:25:42,866 - Wordcloud - INFO - Could not place word 'aliquip' even at min font size 14. Skipping.
2026-01-16 00:25:42,866 - Wordcloud - INFO - Could not place word 'duis' even at min font size 14. Skipping.
2026-01-16 00:25:42,866 - Wordcloud - INFO - Could not place word 'molestie' even at min font size 14. Skipping.
2026-01-16 00:25:42,866 - Wordcloud - INFO - Could not place word 'purus' even at min font size 14. Skipping.
2026-01-16 00:25:42,866 - Wordcloud - INFO - Could not place word 'congue' even at min font size 14. Skipping.
2026-01-16 00:25:42,866 - Wordcloud - INFO - Could not place word 'class' even at min font size 14. Skipping.
2026-01-16 00:25:42,866 - Wordcloud - INFO - Could not place word 'aptent' even at min font size 14. Skipping.
2026-01-16 00:25:42,866 - Wordcloud - INFO - Could not place word 'taciti' even at min font size 14. Skipping.
2026-01-16 00:25:42,866 - Wordcloud - INFO - Could not place word 'sociosqu' even at min font size 14. Skipping.
2026-01-16 00:25:42,866 - Wordcloud - INFO - Could not place word 'litora' even at min font size 14. Skipping.
2026-01-16 00:25:42,866 - Wordcloud - INFO - Could not place word 'torquent' even at min font size 14. Skipping.
2026-01-16 00:25:42,866 - Wordcloud - INFO - Could not place word 'conubia' even at min font size 14. Skipping.
2026-01-16 00:25:42,866 - Wordcloud - INFO - Could not place word 'nostra' even at min font size 14. Skipping.
2026-01-16 00:25:42,866 - Wordcloud - INFO - Could not place word 'inceptos' even at min font size 14. Skipping.
2026-01-16 00:25:42,867 - Wordcloud - INFO - Could not place word 'hymenaeos' even at min font size 14. Skipping.
2026-01-16 00:25:42,867 - Wordcloud - INFO - Could not place word 'odio' even at min font size 14. Skipping.
2026-01-16 00:25:42,867 - Wordcloud - INFO - Could not place word 'placerat' even at min font size 14. Skipping.
2026-01-16 00:25:42,867 - Wordcloud - INFO - Could not place word 'praesent' even at min font size 14. Skipping.
2026-01-16 00:25:42,867 - Wordcloud - INFO - Could not place word 'cursus' even at min font size 14. Skipping.
2026-01-16 00:25:42,867 - Wordcloud - INFO - Could not place word 'cras' even at min font size 14. Skipping.
2026-01-16 00:25:42,867 - Wordcloud - INFO - Could not place word 'neque' even at min font size 14. Skipping.
2026-01-16 00:25:42,867 - Wordcloud - INFO - Could not place word 'fringilla' even at min font size 14. Skipping.
2026-01-16 00:25:42,867 - Wordcloud - INFO - Could not place word 'donec' even at min font size 14. Skipping.
2026-01-16 00:25:42,867 - Wordcloud - INFO - Could not place word 'iaculis' even at min font size 14. Skipping.
2026-01-16 00:25:42,867 - Wordcloud - INFO - Could not place word 'egestas' even at min font size 14. Skipping.
2026-01-16 00:25:42,867 - Wordcloud - INFO - Could not place word 'ligula' even at min font size 14. Skipping.
2026-01-16 00:25:42,867 - Wordcloud - INFO - Could not place word 'facilisis' even at min font size 14. Skipping.
2026-01-16 00:25:42,867 - Wordcloud - INFO - Could not place word 'minima' even at min font size 14. Skipping.
2026-01-16 00:25:42,867 - Wordcloud - INFO - Could not place word 'nostrum' even at min font size 14. Skipping.
2026-01-16 00:25:42,867 - Wordcloud - INFO - Could not place word 'exercitationem' even at min font size 14. Skipping.
2026-01-16 00:25:42,867 - Wordcloud - INFO - Could not place word 'ullam' even at min font size 14. Skipping.
2026-01-16 00:25:42,867 - Wordcloud - INFO - Could not place word 'corporis' even at min font size 14. Skipping.
2026-01-16 00:25:42,867 - Wordcloud - INFO - Could not place word 'laboriosam' even at min font size 14. Skipping.
2026-01-16 00:25:42,867 - Wordcloud - INFO - Could not place word 'aliquid' even at min font size 14. Skipping.
2026-01-16 00:25:42,867 - Wordcloud - INFO - Could not place word 'commodi' even at min font size 14. Skipping.
2026-01-16 00:25:42,867 - Wordcloud - INFO - Could not place word 'consequatur' even at min font size 14. Skipping.
2026-01-16 00:25:42,867 - Wordcloud - INFO - Could not place word 'ultrices' even at min font size 14. Skipping.
2026-01-16 00:25:42,867 - Wordcloud - INFO - Could not place word 'nam' even at min font size 14. Skipping.
2026-01-16 00:25:42,867 - Wordcloud - INFO - Could not place word 'tempore' even at min font size 14. Skipping.
2026-01-16 00:25:42,867 - Wordcloud - INFO - Could not place word 'cum' even at min font size 14. Skipping.
2026-01-16 00:25:42,867 - Wordcloud - INFO - Could not place word 'soluta' even at min font size 14. Skipping.
2026-01-16 00:25:42,867 - Wordcloud - INFO - Could not place word 'nobis' even at min font size 14. Skipping.
2026-01-16 00:25:42,867 - Wordcloud - INFO - Could not place word 'eligendi' even at min font size 14. Skipping.
2026-01-16 00:25:42,867 - Wordcloud - INFO - Could not place word 'optio' even at min font size 14. Skipping.
2026-01-16 00:25:42,867 - Wordcloud - INFO - Could not place word 'cumque' even at min font size 14. Skipping.
2026-01-16 00:25:42,867 - Wordcloud - INFO - Could not place word 'nihil' even at min font size 14. Skipping.
2026-01-16 00:25:42,867 - Wordcloud - INFO - Could not place word 'impedit' even at min font size 14. Skipping.
2026-01-16 00:25:42,867 - Wordcloud - INFO - Could not place word 'quo' even at min font size 14. Skipping.
2026-01-16 00:25:42,867 - Wordcloud - INFO - Could not place word 'minus' even at min font size 14. Skipping.
2026-01-16 00:25:42,867 - Wordcloud - INFO - Could not place word 'quod' even at min font size 14. Skipping.
2026-01-16 00:25:42,867 - Wordcloud - INFO - Could not place word 'maxime' even at min font size 14. Skipping.
2026-01-16 00:25:42,867 - Wordcloud - INFO - Could not place word 'placeat' even at min font size 14. Skipping.
2026-01-16 00:25:42,867 - Wordcloud - INFO - Could not place word 'facere' even at min font size 14. Skipping.
2026-01-16 00:25:42,867 - Wordcloud - INFO - Could not place word 'possimus' even at min font size 14. Skipping.
2026-01-16 00:25:42,867 - Wordcloud - INFO - Could not place word 'voluptas' even at min font size 14. Skipping.
2026-01-16 00:25:42,867 - Wordcloud - INFO - Could not place word 'assumenda' even at min font size 14. Skipping.
2026-01-16 00:25:42,867 - Wordcloud - INFO - Could not place word 'repellendus' even at min font size 14. Skipping.
2026-01-16 00:25:42,867 - Wordcloud - INFO - Could not place word 'dictum' even at min font size 14. Skipping.
2026-01-16 00:25:42,867 - Wordcloud - INFO - Could not place word 'nunc' even at min font size 14. Skipping.
2026-01-16 00:25:42,867 - Wordcloud - INFO - Could not place word 'euismod' even at min font size 14. Skipping.
2026-01-16 00:25:42,867 - Wordcloud - INFO - Could not place word 'risus' even at min font size 14. Skipping.
2026-01-16 00:25:42,867 - Wordcloud - INFO - Successfully placed 63 words
2026-01-16 00:25:42,867 - Wordcloud - INFO - Wordcloud generation completed
2026-01-16 00:25:42,867 - wordcloud.utils.font_utils - INFO - FontCache initialized
2026-01-16 00:25:42,868 - wordcloud.utils.text_processing - INFO - TextProcessor initialized: min_word_length=3, max_words=200, language=None, stemming=False, lemmatization=False, n_gram_range=None
2026-01-16 00:25:42,868 - Wordcloud - INFO - Wordcloud initialized: 800x500, strategy='rectangular', max_words=200, performance_tracking=False
2026-01-16 00:25:42,868 - Wordcloud - INFO - Starting wordcloud generation
2026-01-16 00:25:42,868 - Wordcloud - INFO - Preparing text (length: 3967 characters)
2026-01-16 00:25:42,877 - Wordcloud - INFO - Prepared 192 words for wordcloud
2026-01-16 00:25:42,877 - Wordcloud - INFO - Finding positions for 192 words using strategy 'rectangular'
2026-01-16 00:25:42,877 - wordcloud.utils.integral_image - INFO - IntegralImage initialized: 800x500, tracing=False, mask=none
2026-01-16 00:25:53,558 - Wordcloud - INFO - Could not place word 'adipiscing' even at min font size 14. Skipping.
2026-01-16 00:25:53,559 - Wordcloud - INFO - Could not place word 'morbi' even at min font size 14. Skipping.
2026-01-16 00:25:53,559 - Wordcloud - INFO - Could not place word 'tristique' even at min font size 14. Skipping.
2026-01-16 00:25:53,559 - Wordcloud - INFO - Could not place word 'rhoncus' even at min font size 14. Skipping.
2026-01-16 00:25:53,559 - Wordcloud - INFO - Could not place word 'vulputate' even at min font size 14. Skipping.
2026-01-16 00:25:53,559 - Wordcloud - INFO - Could not place word 'nibh' even at min font size 14. Skipping.
2026-01-16 00:25:53,559 - Wordcloud - INFO - Could not place word 'imperdiet' even at min font size 14. Skipping.
2026-01-16 00:25:53,559 - Wordcloud - INFO - Could not place word 'commodo' even at min font size 14. Skipping.
2026-01-16 00:25:53,559 - Wordcloud - INFO - Could not place word 'suspendisse' even at min font size 14. Skipping.
2026-01-16 00:25:53,559 - Wordcloud - INFO - Could not place word 'wisi' even at min font size 14. Skipping.
2026-01-16 00:25:53,559 - Wordcloud - INFO - Could not place word 'lobortis' even at min font size 14. Skipping.
2026-01-16 00:25:53,559 - Wordcloud - INFO - Could not place word 'posuere' even at min font size 14. Skipping.
2026-01-16 00:25:53,559 - Wordcloud - INFO - Could not place word 'gravida' even at min font size 14. Skipping.
2026-01-16 00:25:53,559 - Wordcloud - INFO - Could not place word 'perspiciatis' even at min font size 14. Skipping.
2026-01-16 00:25:53,559 - Wordcloud - INFO - Could not place word 'unde' even at min font size 14. Skipping.
2026-01-16 00:25:53,559 - Wordcloud - INFO - Could not place word 'iste' even at min font size 14. Skipping.
2026-01-16 00:25:53,559 - Wordcloud - INFO - Could not place word 'natus' even at min font size 14. Skipping.
2026-01-16 00:25:53,559 - Wordcloud - INFO - Could not place word 'error' even at min font size 14. Skipping.
2026-01-16 00:25:53,559 - Wordcloud - INFO - Could not place word 'voluptatem' even at min font size 14. Skipping.
2026-01-16 00:25:53,559 - Wordcloud - INFO - Could not place word 'accusantium' even at min font size 14. Skipping.
2026-01-16 00:25:53,559 - Wordcloud - INFO - Could not place word 'doloremque' even at min font size 14. Skipping.
2026-01-16 00:25:53,559 - Wordcloud - INFO - Could not place word 'laudantium' even at min font size 14. Skipping.
2026-01-16 00:25:53,559 - Wordcloud - INFO - Could not place word 'totam' even at min font size 14. Skipping.
2026-01-16 00:25:53,559 - Wordcloud - INFO - Could not place word 'rem' even at min font size 14. Skipping.
2026-01-16 00:25:53,559 - Wordcloud - INFO - Could not place word 'aperiam' even at min font size 14. Skipping.
2026-01-16 00:25:53,559 - Wordcloud - INFO - Could not place word 'eaque' even at min font size 14. Skipping.
2026-01-16 00:25:53,559 - Wordcloud - INFO - Could not place word 'ipsa' even at min font size 14. Skipping.
2026-01-16 00:25:53,559 - Wordcloud - INFO - Could not place word 'quae' even at min font size 14. Skipping.
2026-01-16 00:25:53,559 - Wordcloud - INFO - Could not place word 'illo' even at min font size 14. Skipping.
2026-01-16 00:25:53,559 - Wordcloud - INFO - Could not place word 'inventore' even at min font size 14. Skipping.
2026-01-16 00:25:53,559 - Wordcloud - INFO - Could not place word 'veritatis' even at min font size 14. Skipping.
2026-01-16 00:25:53,559 - Wordcloud - INFO - Could not place word 'quasi' even at min font size 14. Skipping.
2026-01-16 00:25:53,559 - Wordcloud - INFO - Could not place word 'architecto' even at min font size 14. Skipping.
2026-01-16 00:25:53,559 - Wordcloud - INFO - Could not place word 'beatae' even at min font size 14. Skipping.
2026-01-16 00:25:53,559 - Wordcloud - INFO - Could not place word 'dicta' even at min font size 14. Skipping.
2026-01-16 00:25:53,559 - Wordcloud - INFO - Could not place word 'sunt' even at min font size 14. Skipping.
2026-01-16 00:25:53,559 - Wordcloud - INFO - Could not place word 'explicabo' even at min font size 14. Skipping.
2026-01-16 00:25:53,559 - Wordcloud - INFO - Could not place word 'veniam' even at min font size 14. Skipping.
2026-01-16 00:25:53,559 - Wordcloud - INFO - Could not place word 'nisi' even at min font size 14. Skipping.
2026-01-16 00:25:53,559 - Wordcloud - INFO - Could not place word 'venenatis' even at min font size 14. Skipping.
2026-01-16 00:25:53,559 - Wordcloud - INFO - Could not place word 'tincidunt' even at min font size 14. Skipping.
2026-01-16 00:25:53,559 - Wordcloud - INFO - Could not place word 'pede' even at min font size 14. Skipping.
2026-01-16 00:25:53,559 - Wordcloud - INFO - Could not place word 'per' even at min font size 14. Skipping.
2026-01-16 00:25:53,559 - Wordcloud - INFO - Could not place word 'metus' even at min font size 14. Skipping.
2026-01-16 00:25:53,559 - Wordcloud - INFO - Could not place word 'tellus' even at min font size 14. Skipping.
2026-01-16 00:25:53,559 - Wordcloud - INFO - Could not place word 'felis' even at min font size 14. Skipping.
2026-01-16 00:25:53,559 - Wordcloud - INFO - Could not place word 'varius' even at min font size 14. Skipping.
2026-01-16 00:25:53,559 - Wordcloud - INFO - Could not place word 'semper' even at min font size 14. Skipping.
2026-01-16 00:25:53,559 - Wordcloud - INFO - Could not place word 'mollis' even at min font size 14. Skipping.
2026-01-16 00:25:53,559 - Wordcloud - INFO - Could not place word 'curabitur' even at min font size 14. Skipping.
2026-01-16 00:25:53,559 - Wordcloud - INFO - Could not place word 'pretium' even at min font size 14. Skipping.
2026-01-16 00:25:53,559 - Wordcloud - INFO - Could not place word 'pulvinar' even at min font size 14. Skipping.
2026-01-16 00:25:53,559 - Wordcloud - INFO - Could not place word 'massa' even at min font size 14. Skipping.
2026-01-16 00:25:53,559 - Wordcloud - INFO - Could not place word 'augue' even at min font size 14. Skipping.
2026-01-16 00:25:53,559 - Wordcloud - INFO - Could not place word 'sollicitudin' even at min font size 14. Skipping.
2026-01-16 00:25:53,559 - Wordcloud - INFO - Could not place word 'quisque' even at min font size 14. Skipping.
2026-01-16 00:25:53,559 - Wordcloud - INFO - Could not place word 'porta' even at min font size 14. Skipping.
2026-01-16 00:25:53,559 - Wordcloud - INFO - Could not place word 'justo' even at min font size 14. Skipping.
2026-01-16 00:25:53,559 - Wordcloud - INFO - Could not place word 'pharetra' even at min font size 14. Skipping.
2026-01-16 00:25:53,559 - Wordcloud - INFO - Could not place word 'feugiat' even at min font size 14. Skipping.
2026-01-16 00:25:53,559 - Wordcloud - INFO - Could not place word 'scelerisque' even at min font size 14. Skipping.
2026-01-16 00:25:53,559 - Wordcloud - INFO - Could not place word 'nisl' even at min font size 14. Skipping.
2026-01-16 00:25:53,559 - Wordcloud - INFO - Could not place word 'ornare' even at min font size 14. Skipping.
2026-01-16 00:25:53,559 - Wordcloud - INFO - Could not place word 'minim' even at min font size 14. Skipping.
2026-01-16 00:25:53,559 - Wordcloud - INFO - Could not place word 'nostrud' even at min font size 14. Skipping.
2026-01-16 00:25:53,559 - Wordcloud - INFO - Could not place word 'exercitation' even at min font size 14. Skipping.
2026-01-16 00:25:53,559 - Wordcloud - INFO - Could not place word 'ullamco' even at min font size 14. Skipping.
2026-01-16 00:25:53,559 - Wordcloud - INFO - Could not place word 'laboris' even at min font size 14. Skipping.
2026-01-16 00:25:53,559 - Wordcloud - INFO - Could not place word 'aliquip' even at min font size 14. Skipping.
2026-01-16 00:25:53,559 - Wordcloud - INFO - Could not place word 'duis' even at min font size 14. Skipping.
2026-01-16 00:25:53,559 - Wordcloud - INFO - Could not place word 'molestie' even at min font size 14. Skipping.
2026-01-16 00:25:53,559 - Wordcloud - INFO - Could not place word 'purus' even at min font size 14. Skipping.
2026-01-16 00:25:53,559 - Wordcloud - INFO - Could not place word 'congue' even at min font size 14. Skipping.
2026-01-16 00:25:53,559 - Wordcloud - INFO - Could not place word 'class' even at min font size 14. Skipping.
2026-01-16 00:25:53,559 - Wordcloud - INFO - Could not place word 'aptent' even at min font size 14. Skipping.
2026-01-16 00:25:53,559 - Wordcloud - INFO - Could not place word 'taciti' even at min font size 14. Skipping.
2026-01-16 00:25:53,559 - Wordcloud - INFO - Could not place word 'sociosqu' even at min font size 14. Skipping.
2026-01-16 00:25:53,559 - Wordcloud - INFO - Could not place word 'litora' even at min font size 14. Skipping.
2026-01-16 00:25:53,559 - Wordcloud - INFO - Could not place word 'torquent' even at min font size 14. Skipping.
2026-01-16 00:25:53,559 - Wordcloud - INFO - Could not place word 'conubia' even at min font size 14. Skipping.
2026-01-16 00:25:53,559 - Wordcloud - INFO - Could not place word 'nostra' even at min font size 14. Skipping.
2026-01-16 00:25:53,559 - Wordcloud - INFO - Could not place word 'inceptos' even at min font size 14. Skipping.
2026-01-16 00:25:53,559 - Wordcloud - INFO - Could not place word 'hymenaeos' even at min font size 14. Skipping.
2026-01-16 00:25:53,559 - Wordcloud - INFO - Could not place word 'odio' even at min font size 14. Skipping.
2026-01-16 00:25:53,559 - Wordcloud - INFO - Could not place word 'placerat' even at min font size 14. Skipping.
2026-01-16 00:25:53,560 - Wordcloud - INFO - Could not place word 'praesent' even at min font size 14. Skipping.
2026-01-16 00:25:53,560 - Wordcloud - INFO - Could not place word 'cursus' even at min font size 14. Skipping.
2026-01-16 00:25:53,560 - Wordcloud - INFO - Could not place word 'cras' even at min font size 14. Skipping.
2026-01-16 00:25:53,560 - Wordcloud - INFO - Could not place word 'neque' even at min font size 14. Skipping.
2026-01-16 00:25:53,560 - Wordcloud - INFO - Could not place word 'fringilla' even at min font size 14. Skipping.
2026-01-16 00:25:53,560 - Wordcloud - INFO - Could not place word 'donec' even at min font size 14. Skipping.
2026-01-16 00:25:53,560 - Wordcloud - INFO - Could not place word 'iaculis' even at min font size 14. Skipping.
2026-01-16 00:25:53,560 - Wordcloud - INFO - Could not place word 'egestas' even at min font size 14. Skipping.
2026-01-16 00:25:53,560 - Wordcloud - INFO - Could not place word 'ligula' even at min font size 14. Skipping.
2026-01-16 00:25:53,560 - Wordcloud - INFO - Could not place word 'facilisis' even at min font size 14. Skipping.
2026-01-16 00:25:53,560 - Wordcloud - INFO - Could not place word 'minima' even at min font size 14. Skipping.
2026-01-16 00:25:53,560 - Wordcloud - INFO - Could not place word 'nostrum' even at min font size 14. Skipping.
2026-01-16 00:25:53,560 - Wordcloud - INFO - Could not place word 'exercitationem' even at min font size 14. Skipping.
2026-01-16 00:25:53,560 - Wordcloud - INFO - Could not place word 'ullam' even at min font size 14. Skipping.
2026-01-16 00:25:53,560 - Wordcloud - INFO - Could not place word 'corporis' even at min font size 14. Skipping.
2026-01-16 00:25:53,560 - Wordcloud - INFO - Could not place word 'laboriosam' even at min font size 14. Skipping.
2026-01-16 00:25:53,560 - Wordcloud - INFO - Could not place word 'aliquid' even at min font size 14. Skipping.
2026-01-16 00:25:53,560 - Wordcloud - INFO - Could not place word 'commodi' even at min font size 14. Skipping.
2026-01-16 00:25:53,560 - Wordcloud - INFO - Could not place word 'consequatur' even at min font size 14. Skipping.
2026-01-16 00:25:53,560 - Wordcloud - INFO - Could not place word 'ultrices' even at min font size 14. Skipping.
2026-01-16 00:25:53,560 - Wordcloud - INFO - Could not place word 'nam' even at min font size 14. Skipping.
2026-01-16 00:25:53,560 - Wordcloud - INFO - Could not place word 'tempore' even at min font size 14. Skipping.
2026-01-16 00:25:53,560 - Wordcloud - INFO - Could not place word 'cum' even at min font size 14. Skipping.
2026-01-16 00:25:53,560 - Wordcloud - INFO - Could not place word 'soluta' even at min font size 14. Skipping.
2026-01-16 00:25:53,560 - Wordcloud - INFO - Could not place word 'nobis' even at min font size 14. Skipping.
2026-01-16 00:25:53,560 - Wordcloud - INFO - Could not place word 'eligendi' even at min font size 14. Skipping.
2026-01-16 00:25:53,560 - Wordcloud - INFO - Could not place word 'optio' even at min font size 14. Skipping.
2026-01-16 00:25:53,560 - Wordcloud - INFO - Could not place word 'cumque' even at min font size 14. Skipping.
2026-01-16 00:25:53,560 - Wordcloud - INFO - Could not place word 'nihil' even at min font size 14. Skipping.
2026-01-16 00:25:53,560 - Wordcloud - INFO - Could not place word 'impedit' even at min font size 14. Skipping.
2026-01-16 00:25:53,560 - Wordcloud - INFO - Could not place word 'quo' even at min font size 14. Skipping.
2026-01-16 00:25:53,560 - Wordcloud - INFO - Could not place word 'minus' even at min font size 14. Skipping.
2026-01-16 00:25:53,560 - Wordcloud - INFO - Could not place word 'quod' even at min font size 14. Skipping.
2026-01-16 00:25:53,560 - Wordcloud - INFO - Could not place word 'maxime' even at min font size 14. Skipping.
2026-01-16 00:25:53,560 - Wordcloud - INFO - Could not place word 'placeat' even at min font size 14. Skipping.
2026-01-16 00:25:53,560 - Wordcloud - INFO - Could not place word 'facere' even at min font size 14. Skipping.
2026-01-16 00:25:53,560 - Wordcloud - INFO - Could not place word 'possimus' even at min font size 14. Skipping.
2026-01-16 00:25:53,560 - Wordcloud - INFO - Could not place word 'voluptas' even at min font size 14. Skipping.
2026-01-16 00:25:53,560 - Wordcloud - INFO - Could not place word 'assumenda' even at min font size 14. Skipping.
2026-01-16 00:25:53,560 - Wordcloud - INFO - Could not place word 'repellendus' even at min font size 14. Skipping.
2026-01-16 00:25:53,560 - Wordcloud - INFO - Could not place word 'dictum' even at min font size 14. Skipping.
2026-01-16 00:25:53,560 - Wordcloud - INFO - Could not place word 'nunc' even at min font size 14. Skipping.
2026-01-16 00:25:53,560 - Wordcloud - INFO - Could not place word 'euismod' even at min font size 14. Skipping.
2026-01-16 00:25:53,560 - Wordcloud - INFO - Could not place word 'risus' even at min font size 14. Skipping.
2026-01-16 00:25:53,560 - Wordcloud - INFO - Successfully placed 63 words
2026-01-16 00:25:53,560 - Wordcloud - INFO - Wordcloud generation completed
2026-01-16 00:25:53,561 - wordcloud.utils.font_utils - INFO - FontCache initialized
2026-01-16 00:25:53,561 - wordcloud.utils.text_processing - INFO - TextProcessor initialized: min_word_length=3, max_words=200, language=None, stemming=False, lemmatization=False, n_gram_range=None
2026-01-16 00:25:53,561 - Wordcloud - INFO - Wordcloud initialized: 800x500, strategy='archimedian_reverse', max_words=200, performance_tracking=False
2026-01-16 00:25:53,561 - Wordcloud - INFO - Starting wordcloud generation
2026-01-16 00:25:53,561 - Wordcloud - INFO - Preparing text (length: 3967 characters)
2026-01-16 00:25:53,569 - Wordcloud - INFO - Prepared 192 words for wordcloud
2026-01-16 00:25:53,569 - Wordcloud - INFO - Finding positions for 192 words using strategy 'archimedian_reverse'
2026-01-16 00:25:53,569 - wordcloud.utils.integral_image - INFO - IntegralImage initialized: 800x500, tracing=False, mask=none
2026-01-16 00:26:04,506 - Wordcloud - INFO - Could not place word 'adipiscing' even at min font size 14. Skipping.
2026-01-16 00:26:04,507 - Wordcloud - INFO - Could not place word 'morbi' even at min font size 14. Skipping.
2026-01-16 00:26:04,507 - Wordcloud - INFO - Could not place word 'tristique' even at min font size 14. Skipping.
2026-01-16 00:26:04,507 - Wordcloud - INFO - Could not place word 'rhoncus' even at min font size 14. Skipping.
2026-01-16 00:26:04,507 - Wordcloud - INFO - Could not place word 'vulputate' even at min font size 14. Skipping.
2026-01-16 00:26:04,507 - Wordcloud - INFO - Could not place word 'nibh' even at min font size 14. Skipping.
2026-01-16 00:26:04,508 - Wordcloud - INFO - Could not place word 'imperdiet' even at min font size 14. Skipping.
2026-01-16 00:26:04,508 - Wordcloud - INFO - Could not place word 'commodo' even at min font size 14. Skipping.
2026-01-16 00:26:04,508 - Wordcloud - INFO - Could not place word 'suspendisse' even at min font size 14. Skipping.
2026-01-16 00:26:04,508 - Wordcloud - INFO - Could not place word 'wisi' even at min font size 14. Skipping.
2026-01-16 00:26:04,508 - Wordcloud - INFO - Could not place word 'lobortis' even at min font size 14. Skipping.
2026-01-16 00:26:04,508 - Wordcloud - INFO - Could not place word 'posuere' even at min font size 14. Skipping.
2026-01-16 00:26:04,508 - Wordcloud - INFO - Could not place word 'gravida' even at min font size 14. Skipping.
2026-01-16 00:26:04,508 - Wordcloud - INFO - Could not place word 'perspiciatis' even at min font size 14. Skipping.
2026-01-16 00:26:04,508 - Wordcloud - INFO - Could not place word 'unde' even at min font size 14. Skipping.
2026-01-16 00:26:04,508 - Wordcloud - INFO - Could not place word 'iste' even at min font size 14. Skipping.
2026-01-16 00:26:04,508 - Wordcloud - INFO - Could not place word 'natus' even at min font size 14. Skipping.
2026-01-16 00:26:04,508 - Wordcloud - INFO - Could not place word 'error' even at min font size 14. Skipping.
2026-01-16 00:26:04,508 - Wordcloud - INFO - Could not place word 'voluptatem' even at min font size 14. Skipping.
2026-01-16 00:26:04,508 - Wordcloud - INFO - Could not place word 'accusantium' even at min font size 14. Skipping.
2026-01-16 00:26:04,508 - Wordcloud - INFO - Could not place word 'doloremque' even at min font size 14. Skipping.
2026-01-16 00:26:04,508 - Wordcloud - INFO - Could not place word 'laudantium' even at min font size 14. Skipping.
2026-01-16 00:26:04,508 - Wordcloud - INFO - Could not place word 'totam' even at min font size 14. Skipping.
2026-01-16 00:26:04,508 - Wordcloud - INFO - Could not place word 'rem' even at min font size 14. Skipping.
2026-01-16 00:26:04,508 - Wordcloud - INFO - Could not place word 'aperiam' even at min font size 14. Skipping.
2026-01-16 00:26:04,508 - Wordcloud - INFO - Could not place word 'eaque' even at min font size 14. Skipping.
2026-01-16 00:26:04,508 - Wordcloud - INFO - Could not place word 'ipsa' even at min font size 14. Skipping.
2026-01-16 00:26:04,508 - Wordcloud - INFO - Could not place word 'quae' even at min font size 14. Skipping.
2026-01-16 00:26:04,508 - Wordcloud - INFO - Could not place word 'illo' even at min font size 14. Skipping.
2026-01-16 00:26:04,508 - Wordcloud - INFO - Could not place word 'inventore' even at min font size 14. Skipping.
2026-01-16 00:26:04,508 - Wordcloud - INFO - Could not place word 'veritatis' even at min font size 14. Skipping.
2026-01-16 00:26:04,508 - Wordcloud - INFO - Could not place word 'quasi' even at min font size 14. Skipping.
2026-01-16 00:26:04,508 - Wordcloud - INFO - Could not place word 'architecto' even at min font size 14. Skipping.
2026-01-16 00:26:04,508 - Wordcloud - INFO - Could not place word 'beatae' even at min font size 14. Skipping.
2026-01-16 00:26:04,508 - Wordcloud - INFO - Could not place word 'dicta' even at min font size 14. Skipping.
2026-01-16 00:26:04,508 - Wordcloud - INFO - Could not place word 'sunt' even at min font size 14. Skipping.
2026-01-16 00:26:04,508 - Wordcloud - INFO - Could not place word 'explicabo' even at min font size 14. Skipping.
2026-01-16 00:26:04,508 - Wordcloud - INFO - Could not place word 'veniam' even at min font size 14. Skipping.
2026-01-16 00:26:04,508 - Wordcloud - INFO - Could not place word 'nisi' even at min font size 14. Skipping.
2026-01-16 00:26:04,508 - Wordcloud - INFO - Could not place word 'venenatis' even at min font size 14. Skipping.
2026-01-16 00:26:04,508 - Wordcloud - INFO - Could not place word 'tincidunt' even at min font size 14. Skipping.
2026-01-16 00:26:04,508 - Wordcloud - INFO - Could not place word 'pede' even at min font size 14. Skipping.
2026-01-16 00:26:04,508 - Wordcloud - INFO - Could not place word 'per' even at min font size 14. Skipping.
2026-01-16 00:26:04,508 - Wordcloud - INFO - Could not place word 'metus' even at min font size 14. Skipping.
2026-01-16 00:26:04,508 - Wordcloud - INFO - Could not place word 'tellus' even at min font size 14. Skipping.
2026-01-16 00:26:04,508 - Wordcloud - INFO - Could not place word 'felis' even at min font size 14. Skipping.
2026-01-16 00:26:04,508 - Wordcloud - INFO - Could not place word 'varius' even at min font size 14. Skipping.
2026-01-16 00:26:04,508 - Wordcloud - INFO - Could not place word 'semper' even at min font size 14. Skipping.
2026-01-16 00:26:04,508 - Wordcloud - INFO - Could not place word 'mollis' even at min font size 14. Skipping.
2026-01-16 00:26:04,508 - Wordcloud - INFO - Could not place word 'curabitur' even at min font size 14. Skipping.
2026-01-16 00:26:04,508 - Wordcloud - INFO - Could not place word 'pretium' even at min font size 14. Skipping.
2026-01-16 00:26:04,508 - Wordcloud - INFO - Could not place word 'pulvinar' even at min font size 14. Skipping.
2026-01-16 00:26:04,508 - Wordcloud - INFO - Could not place word 'massa' even at min font size 14. Skipping.
2026-01-16 00:26:04,508 - Wordcloud - INFO - Could not place word 'augue' even at min font size 14. Skipping.
2026-01-16 00:26:04,508 - Wordcloud - INFO - Could not place word 'sollicitudin' even at min font size 14. Skipping.
2026-01-16 00:26:04,508 - Wordcloud - INFO - Could not place word 'quisque' even at min font size 14. Skipping.
2026-01-16 00:26:04,508 - Wordcloud - INFO - Could not place word 'porta' even at min font size 14. Skipping.
2026-01-16 00:26:04,508 - Wordcloud - INFO - Could not place word 'justo' even at min font size 14. Skipping.
2026-01-16 00:26:04,508 - Wordcloud - INFO - Could not place word 'pharetra' even at min font size 14. Skipping.
2026-01-16 00:26:04,508 - Wordcloud - INFO - Could not place word 'feugiat' even at min font size 14. Skipping.
2026-01-16 00:26:04,508 - Wordcloud - INFO - Could not place word 'scelerisque' even at min font size 14. Skipping.
2026-01-16 00:26:04,508 - Wordcloud - INFO - Could not place word 'nisl' even at min font size 14. Skipping.
2026-01-16 00:26:04,508 - Wordcloud - INFO - Could not place word 'ornare' even at min font size 14. Skipping.
2026-01-16 00:26:04,508 - Wordcloud - INFO - Could not place word 'minim' even at min font size 14. Skipping.
2026-01-16 00:26:04,508 - Wordcloud - INFO - Could not place word 'nostrud' even at min font size 14. Skipping.
2026-01-16 00:26:04,508 - Wordcloud - INFO - Could not place word 'exercitation' even at min font size 14. Skipping.
2026-01-16 00:26:04,508 - Wordcloud - INFO - Could not place word 'ullamco' even at min font size 14. Skipping.
2026-01-16 00:26:04,508 - Wordcloud - INFO - Could not place word 'laboris' even at min font size 14. Skipping.
2026-01-16 00:26:04,508 - Wordcloud - INFO - Could not place word 'aliquip' even at min font size 14. Skipping.
2026-01-16 00:26:04,508 - Wordcloud - INFO - Could not place word 'duis' even at min font size 14. Skipping.
2026-01-16 00:26:04,508 - Wordcloud - INFO - Could not place word 'molestie' even at min font size 14. Skipping.
2026-01-16 00:26:04,508 - Wordcloud - INFO - Could not place word 'purus' even at min font size 14. Skipping.
2026-01-16 00:26:04,508 - Wordcloud - INFO - Could not place word 'congue' even at min font size 14. Skipping.
2026-01-16 00:26:04,508 - Wordcloud - INFO - Could not place word 'class' even at min font size 14. Skipping.
2026-01-16 00:26:04,508 - Wordcloud - INFO - Could not place word 'aptent' even at min font size 14. Skipping.
2026-01-16 00:26:04,508 - Wordcloud - INFO - Could not place word 'taciti' even at min font size 14. Skipping.
2026-01-16 00:26:04,508 - Wordcloud - INFO - Could not place word 'sociosqu' even at min font size 14. Skipping.
2026-01-16 00:26:04,508 - Wordcloud - INFO - Could not place word 'litora' even at min font size 14. Skipping.
2026-01-16 00:26:04,508 - Wordcloud - INFO - Could not place word 'torquent' even at min font size 14. Skipping.
2026-01-16 00:26:04,508 - Wordcloud - INFO - Could not place word 'conubia' even at min font size 14. Skipping.
2026-01-16 00:26:04,508 - Wordcloud - INFO - Could not place word 'nostra' even at min font size 14. Skipping.
2026-01-16 00:26:04,508 - Wordcloud - INFO - Could not place word 'inceptos' even at min font size 14. Skipping.
2026-01-16 00:26:04,508 - Wordcloud - INFO - Could not place word 'hymenaeos' even at min font size 14. Skipping.
2026-01-16 00:26:04,508 - Wordcloud - INFO - Could not place word 'odio' even at min font size 14. Skipping.
2026-01-16 00:26:04,508 - Wordcloud - INFO - Could not place word 'placerat' even at min font size 14. Skipping.
2026-01-16 00:26:04,508 - Wordcloud - INFO - Could not place word 'praesent' even at min font size 14. Skipping.
2026-01-16 00:26:04,508 - Wordcloud - INFO - Could not place word 'cursus' even at min font size 14. Skipping.
2026-01-16 00:26:04,508 - Wordcloud - INFO - Could not place word 'cras' even at min font size 14. Skipping.
2026-01-16 00:26:04,508 - Wordcloud - INFO - Could not place word 'neque' even at min font size 14. Skipping.
2026-01-16 00:26:04,508 - Wordcloud - INFO - Could not place word 'fringilla' even at min font size 14. Skipping.
2026-01-16 00:26:04,508 - Wordcloud - INFO - Could not place word 'donec' even at min font size 14. Skipping.
2026-01-16 00:26:04,508 - Wordcloud - INFO - Could not place word 'iaculis' even at min font size 14. Skipping.
2026-01-16 00:26:04,508 - Wordcloud - INFO - Could not place word 'egestas' even at min font size 14. Skipping.
2026-01-16 00:26:04,508 - Wordcloud - INFO - Could not place word 'ligula' even at min font size 14. Skipping.
2026-01-16 00:26:04,508 - Wordcloud - INFO - Could not place word 'facilisis' even at min font size 14. Skipping.
2026-01-16 00:26:04,509 - Wordcloud - INFO - Could not place word 'minima' even at min font size 14. Skipping.
2026-01-16 00:26:04,509 - Wordcloud - INFO - Could not place word 'nostrum' even at min font size 14. Skipping.
2026-01-16 00:26:04,509 - Wordcloud - INFO - Could not place word 'exercitationem' even at min font size 14. Skipping.
2026-01-16 00:26:04,509 - Wordcloud - INFO - Could not place word 'ullam' even at min font size 14. Skipping.
2026-01-16 00:26:04,509 - Wordcloud - INFO - Could not place word 'corporis' even at min font size 14. Skipping.
2026-01-16 00:26:04,509 - Wordcloud - INFO - Could not place word 'laboriosam' even at min font size 14. Skipping.
2026-01-16 00:26:04,509 - Wordcloud - INFO - Could not place word 'aliquid' even at min font size 14. Skipping.
2026-01-16 00:26:04,509 - Wordcloud - INFO - Could not place word 'commodi' even at min font size 14. Skipping.
2026-01-16 00:26:04,509 - Wordcloud - INFO - Could not place word 'consequatur' even at min font size 14. Skipping.
2026-01-16 00:26:04,509 - Wordcloud - INFO - Could not place word 'ultrices' even at min font size 14. Skipping.
2026-01-16 00:26:04,509 - Wordcloud - INFO - Could not place word 'nam' even at min font size 14. Skipping.
2026-01-16 00:26:04,509 - Wordcloud - INFO - Could not place word 'tempore' even at min font size 14. Skipping.
2026-01-16 00:26:04,509 - Wordcloud - INFO - Could not place word 'cum' even at min font size 14. Skipping.
2026-01-16 00:26:04,509 - Wordcloud - INFO - Could not place word 'soluta' even at min font size 14. Skipping.
2026-01-16 00:26:04,509 - Wordcloud - INFO - Could not place word 'nobis' even at min font size 14. Skipping.
2026-01-16 00:26:04,509 - Wordcloud - INFO - Could not place word 'eligendi' even at min font size 14. Skipping.
2026-01-16 00:26:04,509 - Wordcloud - INFO - Could not place word 'optio' even at min font size 14. Skipping.
2026-01-16 00:26:04,509 - Wordcloud - INFO - Could not place word 'cumque' even at min font size 14. Skipping.
2026-01-16 00:26:04,509 - Wordcloud - INFO - Could not place word 'nihil' even at min font size 14. Skipping.
2026-01-16 00:26:04,509 - Wordcloud - INFO - Could not place word 'impedit' even at min font size 14. Skipping.
2026-01-16 00:26:04,509 - Wordcloud - INFO - Could not place word 'quo' even at min font size 14. Skipping.
2026-01-16 00:26:04,509 - Wordcloud - INFO - Could not place word 'minus' even at min font size 14. Skipping.
2026-01-16 00:26:04,509 - Wordcloud - INFO - Could not place word 'quod' even at min font size 14. Skipping.
2026-01-16 00:26:04,509 - Wordcloud - INFO - Could not place word 'maxime' even at min font size 14. Skipping.
2026-01-16 00:26:04,509 - Wordcloud - INFO - Could not place word 'placeat' even at min font size 14. Skipping.
2026-01-16 00:26:04,509 - Wordcloud - INFO - Could not place word 'facere' even at min font size 14. Skipping.
2026-01-16 00:26:04,509 - Wordcloud - INFO - Could not place word 'possimus' even at min font size 14. Skipping.
2026-01-16 00:26:04,509 - Wordcloud - INFO - Could not place word 'voluptas' even at min font size 14. Skipping.
2026-01-16 00:26:04,509 - Wordcloud - INFO - Could not place word 'assumenda' even at min font size 14. Skipping.
2026-01-16 00:26:04,509 - Wordcloud - INFO - Could not place word 'repellendus' even at min font size 14. Skipping.
2026-01-16 00:26:04,509 - Wordcloud - INFO - Could not place word 'dictum' even at min font size 14. Skipping.
2026-01-16 00:26:04,509 - Wordcloud - INFO - Could not place word 'nunc' even at min font size 14. Skipping.
2026-01-16 00:26:04,509 - Wordcloud - INFO - Could not place word 'euismod' even at min font size 14. Skipping.
2026-01-16 00:26:04,509 - Wordcloud - INFO - Could not place word 'risus' even at min font size 14. Skipping.
2026-01-16 00:26:04,509 - Wordcloud - INFO - Successfully placed 63 words
2026-01-16 00:26:04,509 - Wordcloud - INFO - Wordcloud generation completed
2026-01-16 00:26:04,509 - wordcloud.utils.font_utils - INFO - FontCache initialized
2026-01-16 00:26:04,509 - wordcloud.utils.text_processing - INFO - TextProcessor initialized: min_word_length=3, max_words=200, language=None, stemming=False, lemmatization=False, n_gram_range=None
2026-01-16 00:26:04,509 - Wordcloud - INFO - Wordcloud initialized: 800x500, strategy='rectangular_reverse', max_words=200, performance_tracking=False
2026-01-16 00:26:04,510 - Wordcloud - INFO - Starting wordcloud generation
2026-01-16 00:26:04,510 - Wordcloud - INFO - Preparing text (length: 3967 characters)
2026-01-16 00:26:04,519 - Wordcloud - INFO - Prepared 192 words for wordcloud
2026-01-16 00:26:04,519 - Wordcloud - INFO - Finding positions for 192 words using strategy 'rectangular_reverse'
2026-01-16 00:26:04,520 - wordcloud.utils.integral_image - INFO - IntegralImage initialized: 800x500, tracing=False, mask=none
2026-01-16 00:26:15,588 - Wordcloud - INFO - Could not place word 'adipiscing' even at min font size 14. Skipping.
2026-01-16 00:26:15,588 - Wordcloud - INFO - Could not place word 'morbi' even at min font size 14. Skipping.
2026-01-16 00:26:15,588 - Wordcloud - INFO - Could not place word 'tristique' even at min font size 14. Skipping.
2026-01-16 00:26:15,588 - Wordcloud - INFO - Could not place word 'rhoncus' even at min font size 14. Skipping.
2026-01-16 00:26:15,588 - Wordcloud - INFO - Could not place word 'vulputate' even at min font size 14. Skipping.
2026-01-16 00:26:15,588 - Wordcloud - INFO - Could not place word 'nibh' even at min font size 14. Skipping.
2026-01-16 00:26:15,588 - Wordcloud - INFO - Could not place word 'imperdiet' even at min font size 14. Skipping.
2026-01-16 00:26:15,588 - Wordcloud - INFO - Could not place word 'commodo' even at min font size 14. Skipping.
2026-01-16 00:26:15,588 - Wordcloud - INFO - Could not place word 'suspendisse' even at min font size 14. Skipping.
2026-01-16 00:26:15,588 - Wordcloud - INFO - Could not place word 'wisi' even at min font size 14. Skipping.
2026-01-16 00:26:15,588 - Wordcloud - INFO - Could not place word 'lobortis' even at min font size 14. Skipping.
2026-01-16 00:26:15,588 - Wordcloud - INFO - Could not place word 'posuere' even at min font size 14. Skipping.
2026-01-16 00:26:15,588 - Wordcloud - INFO - Could not place word 'gravida' even at min font size 14. Skipping.
2026-01-16 00:26:15,588 - Wordcloud - INFO - Could not place word 'perspiciatis' even at min font size 14. Skipping.
2026-01-16 00:26:15,588 - Wordcloud - INFO - Could not place word 'unde' even at min font size 14. Skipping.
2026-01-16 00:26:15,588 - Wordcloud - INFO - Could not place word 'iste' even at min font size 14. Skipping.
2026-01-16 00:26:15,588 - Wordcloud - INFO - Could not place word 'natus' even at min font size 14. Skipping.
2026-01-16 00:26:15,588 - Wordcloud - INFO - Could not place word 'error' even at min font size 14. Skipping.
2026-01-16 00:26:15,588 - Wordcloud - INFO - Could not place word 'voluptatem' even at min font size 14. Skipping.
2026-01-16 00:26:15,588 - Wordcloud - INFO - Could not place word 'accusantium' even at min font size 14. Skipping.
2026-01-16 00:26:15,588 - Wordcloud - INFO - Could not place word 'doloremque' even at min font size 14. Skipping.
2026-01-16 00:26:15,588 - Wordcloud - INFO - Could not place word 'laudantium' even at min font size 14. Skipping.
2026-01-16 00:26:15,588 - Wordcloud - INFO - Could not place word 'totam' even at min font size 14. Skipping.
2026-01-16 00:26:15,588 - Wordcloud - INFO - Could not place word 'rem' even at min font size 14. Skipping.
2026-01-16 00:26:15,588 - Wordcloud - INFO - Could not place word 'aperiam' even at min font size 14. Skipping.
2026-01-16 00:26:15,588 - Wordcloud - INFO - Could not place word 'eaque' even at min font size 14. Skipping.
2026-01-16 00:26:15,588 - Wordcloud - INFO - Could not place word 'ipsa' even at min font size 14. Skipping.
2026-01-16 00:26:15,588 - Wordcloud - INFO - Could not place word 'quae' even at min font size 14. Skipping.
2026-01-16 00:26:15,588 - Wordcloud - INFO - Could not place word 'illo' even at min font size 14. Skipping.
2026-01-16 00:26:15,588 - Wordcloud - INFO - Could not place word 'inventore' even at min font size 14. Skipping.
2026-01-16 00:26:15,588 - Wordcloud - INFO - Could not place word 'veritatis' even at min font size 14. Skipping.
2026-01-16 00:26:15,588 - Wordcloud - INFO - Could not place word 'quasi' even at min font size 14. Skipping.
2026-01-16 00:26:15,588 - Wordcloud - INFO - Could not place word 'architecto' even at min font size 14. Skipping.
2026-01-16 00:26:15,588 - Wordcloud - INFO - Could not place word 'beatae' even at min font size 14. Skipping.
2026-01-16 00:26:15,588 - Wordcloud - INFO - Could not place word 'dicta' even at min font size 14. Skipping.
2026-01-16 00:26:15,588 - Wordcloud - INFO - Could not place word 'sunt' even at min font size 14. Skipping.
2026-01-16 00:26:15,589 - Wordcloud - INFO - Could not place word 'explicabo' even at min font size 14. Skipping.
2026-01-16 00:26:15,589 - Wordcloud - INFO - Could not place word 'veniam' even at min font size 14. Skipping.
2026-01-16 00:26:15,589 - Wordcloud - INFO - Could not place word 'nisi' even at min font size 14. Skipping.
2026-01-16 00:26:15,589 - Wordcloud - INFO - Could not place word 'venenatis' even at min font size 14. Skipping.
2026-01-16 00:26:15,589 - Wordcloud - INFO - Could not place word 'tincidunt' even at min font size 14. Skipping.
2026-01-16 00:26:15,589 - Wordcloud - INFO - Could not place word 'pede' even at min font size 14. Skipping.
2026-01-16 00:26:15,589 - Wordcloud - INFO - Could not place word 'per' even at min font size 14. Skipping.
2026-01-16 00:26:15,589 - Wordcloud - INFO - Could not place word 'metus' even at min font size 14. Skipping.
2026-01-16 00:26:15,589 - Wordcloud - INFO - Could not place word 'tellus' even at min font size 14. Skipping.
2026-01-16 00:26:15,589 - Wordcloud - INFO - Could not place word 'felis' even at min font size 14. Skipping.
2026-01-16 00:26:15,589 - Wordcloud - INFO - Could not place word 'varius' even at min font size 14. Skipping.
2026-01-16 00:26:15,589 - Wordcloud - INFO - Could not place word 'semper' even at min font size 14. Skipping.
2026-01-16 00:26:15,589 - Wordcloud - INFO - Could not place word 'mollis' even at min font size 14. Skipping.
2026-01-16 00:26:15,589 - Wordcloud - INFO - Could not place word 'curabitur' even at min font size 14. Skipping.
2026-01-16 00:26:15,589 - Wordcloud - INFO - Could not place word 'pretium' even at min font size 14. Skipping.
2026-01-16 00:26:15,589 - Wordcloud - INFO - Could not place word 'pulvinar' even at min font size 14. Skipping.
2026-01-16 00:26:15,589 - Wordcloud - INFO - Could not place word 'massa' even at min font size 14. Skipping.
2026-01-16 00:26:15,589 - Wordcloud - INFO - Could not place word 'augue' even at min font size 14. Skipping.
2026-01-16 00:26:15,589 - Wordcloud - INFO - Could not place word 'sollicitudin' even at min font size 14. Skipping.
2026-01-16 00:26:15,589 - Wordcloud - INFO - Could not place word 'quisque' even at min font size 14. Skipping.
2026-01-16 00:26:15,589 - Wordcloud - INFO - Could not place word 'porta' even at min font size 14. Skipping.
2026-01-16 00:26:15,589 - Wordcloud - INFO - Could not place word 'justo' even at min font size 14. Skipping.
2026-01-16 00:26:15,589 - Wordcloud - INFO - Could not place word 'pharetra' even at min font size 14. Skipping.
2026-01-16 00:26:15,589 - Wordcloud - INFO - Could not place word 'feugiat' even at min font size 14. Skipping.
2026-01-16 00:26:15,589 - Wordcloud - INFO - Could not place word 'scelerisque' even at min font size 14. Skipping.
2026-01-16 00:26:15,589 - Wordcloud - INFO - Could not place word 'nisl' even at min font size 14. Skipping.
2026-01-16 00:26:15,589 - Wordcloud - INFO - Could not place word 'ornare' even at min font size 14. Skipping.
2026-01-16 00:26:15,589 - Wordcloud - INFO - Could not place word 'minim' even at min font size 14. Skipping.
2026-01-16 00:26:15,589 - Wordcloud - INFO - Could not place word 'nostrud' even at min font size 14. Skipping.
2026-01-16 00:26:15,589 - Wordcloud - INFO - Could not place word 'exercitation' even at min font size 14. Skipping.
2026-01-16 00:26:15,589 - Wordcloud - INFO - Could not place word 'ullamco' even at min font size 14. Skipping.
2026-01-16 00:26:15,589 - Wordcloud - INFO - Could not place word 'laboris' even at min font size 14. Skipping.
2026-01-16 00:26:15,589 - Wordcloud - INFO - Could not place word 'aliquip' even at min font size 14. Skipping.
2026-01-16 00:26:15,589 - Wordcloud - INFO - Could not place word 'duis' even at min font size 14. Skipping.
2026-01-16 00:26:15,589 - Wordcloud - INFO - Could not place word 'molestie' even at min font size 14. Skipping.
2026-01-16 00:26:15,589 - Wordcloud - INFO - Could not place word 'purus' even at min font size 14. Skipping.
2026-01-16 00:26:15,589 - Wordcloud - INFO - Could not place word 'congue' even at min font size 14. Skipping.
2026-01-16 00:26:15,589 - Wordcloud - INFO - Could not place word 'class' even at min font size 14. Skipping.
2026-01-16 00:26:15,589 - Wordcloud - INFO - Could not place word 'aptent' even at min font size 14. Skipping.
2026-01-16 00:26:15,589 - Wordcloud - INFO - Could not place word 'taciti' even at min font size 14. Skipping.
2026-01-16 00:26:15,589 - Wordcloud - INFO - Could not place word 'sociosqu' even at min font size 14. Skipping.
2026-01-16 00:26:15,589 - Wordcloud - INFO - Could not place word 'litora' even at min font size 14. Skipping.
2026-01-16 00:26:15,589 - Wordcloud - INFO - Could not place word 'torquent' even at min font size 14. Skipping.
2026-01-16 00:26:15,589 - Wordcloud - INFO - Could not place word 'conubia' even at min font size 14. Skipping.
2026-01-16 00:26:15,589 - Wordcloud - INFO - Could not place word 'nostra' even at min font size 14. Skipping.
2026-01-16 00:26:15,589 - Wordcloud - INFO - Could not place word 'inceptos' even at min font size 14. Skipping.
2026-01-16 00:26:15,589 - Wordcloud - INFO - Could not place word 'hymenaeos' even at min font size 14. Skipping.
2026-01-16 00:26:15,589 - Wordcloud - INFO - Could not place word 'odio' even at min font size 14. Skipping.
2026-01-16 00:26:15,589 - Wordcloud - INFO - Could not place word 'placerat' even at min font size 14. Skipping.
2026-01-16 00:26:15,589 - Wordcloud - INFO - Could not place word 'praesent' even at min font size 14. Skipping.
2026-01-16 00:26:15,589 - Wordcloud - INFO - Could not place word 'cursus' even at min font size 14. Skipping.
2026-01-16 00:26:15,589 - Wordcloud - INFO - Could not place word 'cras' even at min font size 14. Skipping.
2026-01-16 00:26:15,589 - Wordcloud - INFO - Could not place word 'neque' even at min font size 14. Skipping.
2026-01-16 00:26:15,589 - Wordcloud - INFO - Could not place word 'fringilla' even at min font size 14. Skipping.
2026-01-16 00:26:15,589 - Wordcloud - INFO - Could not place word 'donec' even at min font size 14. Skipping.
2026-01-16 00:26:15,589 - Wordcloud - INFO - Could not place word 'iaculis' even at min font size 14. Skipping.
2026-01-16 00:26:15,589 - Wordcloud - INFO - Could not place word 'egestas' even at min font size 14. Skipping.
2026-01-16 00:26:15,589 - Wordcloud - INFO - Could not place word 'ligula' even at min font size 14. Skipping.
2026-01-16 00:26:15,589 - Wordcloud - INFO - Could not place word 'facilisis' even at min font size 14. Skipping.
2026-01-16 00:26:15,589 - Wordcloud - INFO - Could not place word 'minima' even at min font size 14. Skipping.
2026-01-16 00:26:15,589 - Wordcloud - INFO - Could not place word 'nostrum' even at min font size 14. Skipping.
2026-01-16 00:26:15,589 - Wordcloud - INFO - Could not place word 'exercitationem' even at min font size 14. Skipping.
2026-01-16 00:26:15,589 - Wordcloud - INFO - Could not place word 'ullam' even at min font size 14. Skipping.
2026-01-16 00:26:15,589 - Wordcloud - INFO - Could not place word 'corporis' even at min font size 14. Skipping.
2026-01-16 00:26:15,589 - Wordcloud - INFO - Could not place word 'laboriosam' even at min font size 14. Skipping.
2026-01-16 00:26:15,589 - Wordcloud - INFO - Could not place word 'aliquid' even at min font size 14. Skipping.
2026-01-16 00:26:15,589 - Wordcloud - INFO - Could not place word 'commodi' even at min font size 14. Skipping.
2026-01-16 00:26:15,589 - Wordcloud - INFO - Could not place word 'consequatur' even at min font size 14. Skipping.
2026-01-16 00:26:15,589 - Wordcloud - INFO - Could not place word 'ultrices' even at min font size 14. Skipping.
2026-01-16 00:26:15,589 - Wordcloud - INFO - Could not place word 'nam' even at min font size 14. Skipping.
2026-01-16 00:26:15,589 - Wordcloud - INFO - Could not place word 'tempore' even at min font size 14. Skipping.
2026-01-16 00:26:15,589 - Wordcloud - INFO - Could not place word 'cum' even at min font size 14. Skipping.
2026-01-16 00:26:15,589 - Wordcloud - INFO - Could not place word 'soluta' even at min font size 14. Skipping.
2026-01-16 00:26:15,589 - Wordcloud - INFO - Could not place word 'nobis' even at min font size 14. Skipping.
2026-01-16 00:26:15,589 - Wordcloud - INFO - Could not place word 'eligendi' even at min font size 14. Skipping.
2026-01-16 00:26:15,589 - Wordcloud - INFO - Could not place word 'optio' even at min font size 14. Skipping.
2026-01-16 00:26:15,589 - Wordcloud - INFO - Could not place word 'cumque' even at min font size 14. Skipping.
2026-01-16 00:26:15,589 - Wordcloud - INFO - Could not place word 'nihil' even at min font size 14. Skipping.
2026-01-16 00:26:15,589 - Wordcloud - INFO - Could not place word 'impedit' even at min font size 14. Skipping.
2026-01-16 00:26:15,589 - Wordcloud - INFO - Could not place word 'quo' even at min font size 14. Skipping.
2026-01-16 00:26:15,589 - Wordcloud - INFO - Could not place word 'minus' even at min font size 14. Skipping.
2026-01-16 00:26:15,589 - Wordcloud - INFO - Could not place word 'quod' even at min font size 14. Skipping.
2026-01-16 00:26:15,589 - Wordcloud - INFO - Could not place word 'maxime' even at min font size 14. Skipping.
2026-01-16 00:26:15,589 - Wordcloud - INFO - Could not place word 'placeat' even at min font size 14. Skipping.
2026-01-16 00:26:15,589 - Wordcloud - INFO - Could not place word 'facere' even at min font size 14. Skipping.
2026-01-16 00:26:15,589 - Wordcloud - INFO - Could not place word 'possimus' even at min font size 14. Skipping.
2026-01-16 00:26:15,589 - Wordcloud - INFO - Could not place word 'voluptas' even at min font size 14. Skipping.
2026-01-16 00:26:15,589 - Wordcloud - INFO - Could not place word 'assumenda' even at min font size 14. Skipping.
2026-01-16 00:26:15,589 - Wordcloud - INFO - Could not place word 'repellendus' even at min font size 14. Skipping.
2026-01-16 00:26:15,589 - Wordcloud - INFO - Could not place word 'dictum' even at min font size 14. Skipping.
2026-01-16 00:26:15,589 - Wordcloud - INFO - Could not place word 'nunc' even at min font size 14. Skipping.
2026-01-16 00:26:15,589 - Wordcloud - INFO - Could not place word 'euismod' even at min font size 14. Skipping.
2026-01-16 00:26:15,589 - Wordcloud - INFO - Could not place word 'risus' even at min font size 14. Skipping.
2026-01-16 00:26:15,589 - Wordcloud - INFO - Successfully placed 63 words
2026-01-16 00:26:15,590 - Wordcloud - INFO - Wordcloud generation completed
2026-01-16 00:26:15,590 - wordcloud.utils.font_utils - INFO - FontCache initialized
2026-01-16 00:26:15,590 - wordcloud.utils.text_processing - INFO - TextProcessor initialized: min_word_length=3, max_words=200, language=None, stemming=False, lemmatization=False, n_gram_range=None
2026-01-16 00:26:15,590 - Wordcloud - INFO - Wordcloud initialized: 800x500, strategy='KDTree', max_words=200, performance_tracking=False
2026-01-16 00:26:15,591 - Wordcloud - INFO - Starting wordcloud generation
2026-01-16 00:26:15,591 - Wordcloud - INFO - Preparing text (length: 3967 characters)
2026-01-16 00:26:15,600 - Wordcloud - INFO - Prepared 192 words for wordcloud
2026-01-16 00:26:15,600 - Wordcloud - INFO - Finding positions for 192 words using strategy 'KDTree'
2026-01-16 00:26:15,601 - wordcloud.utils.integral_image - INFO - IntegralImage initialized: 800x500, tracing=False, mask=none
2026-01-16 00:26:32,158 - Wordcloud - INFO - Could not place word 'adipiscing' even at min font size 14. Skipping.
2026-01-16 00:26:32,158 - Wordcloud - INFO - Could not place word 'morbi' even at min font size 14. Skipping.
2026-01-16 00:26:32,158 - Wordcloud - INFO - Could not place word 'tristique' even at min font size 14. Skipping.
2026-01-16 00:26:32,158 - Wordcloud - INFO - Could not place word 'rhoncus' even at min font size 14. Skipping.
2026-01-16 00:26:32,158 - Wordcloud - INFO - Could not place word 'vulputate' even at min font size 14. Skipping.
2026-01-16 00:26:32,158 - Wordcloud - INFO - Could not place word 'nibh' even at min font size 14. Skipping.
2026-01-16 00:26:32,158 - Wordcloud - INFO - Could not place word 'imperdiet' even at min font size 14. Skipping.
2026-01-16 00:26:32,158 - Wordcloud - INFO - Could not place word 'commodo' even at min font size 14. Skipping.
2026-01-16 00:26:32,158 - Wordcloud - INFO - Could not place word 'suspendisse' even at min font size 14. Skipping.
2026-01-16 00:26:32,158 - Wordcloud - INFO - Could not place word 'wisi' even at min font size 14. Skipping.
2026-01-16 00:26:32,158 - Wordcloud - INFO - Could not place word 'lobortis' even at min font size 14. Skipping.
2026-01-16 00:26:32,158 - Wordcloud - INFO - Could not place word 'posuere' even at min font size 14. Skipping.
2026-01-16 00:26:32,158 - Wordcloud - INFO - Could not place word 'gravida' even at min font size 14. Skipping.
2026-01-16 00:26:32,158 - Wordcloud - INFO - Could not place word 'perspiciatis' even at min font size 14. Skipping.
2026-01-16 00:26:32,158 - Wordcloud - INFO - Could not place word 'unde' even at min font size 14. Skipping.
2026-01-16 00:26:32,158 - Wordcloud - INFO - Could not place word 'iste' even at min font size 14. Skipping.
2026-01-16 00:26:32,158 - Wordcloud - INFO - Could not place word 'natus' even at min font size 14. Skipping.
2026-01-16 00:26:32,158 - Wordcloud - INFO - Could not place word 'error' even at min font size 14. Skipping.
2026-01-16 00:26:32,158 - Wordcloud - INFO - Could not place word 'voluptatem' even at min font size 14. Skipping.
2026-01-16 00:26:32,158 - Wordcloud - INFO - Could not place word 'accusantium' even at min font size 14. Skipping.
2026-01-16 00:26:32,158 - Wordcloud - INFO - Could not place word 'doloremque' even at min font size 14. Skipping.
2026-01-16 00:26:32,158 - Wordcloud - INFO - Could not place word 'laudantium' even at min font size 14. Skipping.
2026-01-16 00:26:32,158 - Wordcloud - INFO - Could not place word 'totam' even at min font size 14. Skipping.
2026-01-16 00:26:32,158 - Wordcloud - INFO - Could not place word 'rem' even at min font size 14. Skipping.
2026-01-16 00:26:32,158 - Wordcloud - INFO - Could not place word 'aperiam' even at min font size 14. Skipping.
2026-01-16 00:26:32,158 - Wordcloud - INFO - Could not place word 'eaque' even at min font size 14. Skipping.
2026-01-16 00:26:32,158 - Wordcloud - INFO - Could not place word 'ipsa' even at min font size 14. Skipping.
2026-01-16 00:26:32,158 - Wordcloud - INFO - Could not place word 'quae' even at min font size 14. Skipping.
2026-01-16 00:26:32,158 - Wordcloud - INFO - Could not place word 'illo' even at min font size 14. Skipping.
2026-01-16 00:26:32,158 - Wordcloud - INFO - Could not place word 'inventore' even at min font size 14. Skipping.
2026-01-16 00:26:32,158 - Wordcloud - INFO - Could not place word 'veritatis' even at min font size 14. Skipping.
2026-01-16 00:26:32,158 - Wordcloud - INFO - Could not place word 'quasi' even at min font size 14. Skipping.
2026-01-16 00:26:32,158 - Wordcloud - INFO - Could not place word 'architecto' even at min font size 14. Skipping.
2026-01-16 00:26:32,158 - Wordcloud - INFO - Could not place word 'beatae' even at min font size 14. Skipping.
2026-01-16 00:26:32,158 - Wordcloud - INFO - Could not place word 'dicta' even at min font size 14. Skipping.
2026-01-16 00:26:32,158 - Wordcloud - INFO - Could not place word 'sunt' even at min font size 14. Skipping.
2026-01-16 00:26:32,158 - Wordcloud - INFO - Could not place word 'explicabo' even at min font size 14. Skipping.
2026-01-16 00:26:32,158 - Wordcloud - INFO - Could not place word 'veniam' even at min font size 14. Skipping.
2026-01-16 00:26:32,158 - Wordcloud - INFO - Could not place word 'nisi' even at min font size 14. Skipping.
2026-01-16 00:26:32,158 - Wordcloud - INFO - Could not place word 'venenatis' even at min font size 14. Skipping.
2026-01-16 00:26:32,158 - Wordcloud - INFO - Could not place word 'tincidunt' even at min font size 14. Skipping.
2026-01-16 00:26:32,158 - Wordcloud - INFO - Could not place word 'pede' even at min font size 14. Skipping.
2026-01-16 00:26:32,158 - Wordcloud - INFO - Could not place word 'per' even at min font size 14. Skipping.
2026-01-16 00:26:32,158 - Wordcloud - INFO - Could not place word 'metus' even at min font size 14. Skipping.
2026-01-16 00:26:32,158 - Wordcloud - INFO - Could not place word 'tellus' even at min font size 14. Skipping.
2026-01-16 00:26:32,158 - Wordcloud - INFO - Could not place word 'felis' even at min font size 14. Skipping.
2026-01-16 00:26:32,158 - Wordcloud - INFO - Could not place word 'varius' even at min font size 14. Skipping.
2026-01-16 00:26:32,158 - Wordcloud - INFO - Could not place word 'semper' even at min font size 14. Skipping.
2026-01-16 00:26:32,158 - Wordcloud - INFO - Could not place word 'mollis' even at min font size 14. Skipping.
2026-01-16 00:26:32,158 - Wordcloud - INFO - Could not place word 'curabitur' even at min font size 14. Skipping.
2026-01-16 00:26:32,159 - Wordcloud - INFO - Could not place word 'pretium' even at min font size 14. Skipping.
2026-01-16 00:26:32,159 - Wordcloud - INFO - Could not place word 'pulvinar' even at min font size 14. Skipping.
2026-01-16 00:26:32,159 - Wordcloud - INFO - Could not place word 'massa' even at min font size 14. Skipping.
2026-01-16 00:26:32,159 - Wordcloud - INFO - Could not place word 'augue' even at min font size 14. Skipping.
2026-01-16 00:26:32,159 - Wordcloud - INFO - Could not place word 'sollicitudin' even at min font size 14. Skipping.
2026-01-16 00:26:32,159 - Wordcloud - INFO - Could not place word 'quisque' even at min font size 14. Skipping.
2026-01-16 00:26:32,159 - Wordcloud - INFO - Could not place word 'porta' even at min font size 14. Skipping.
2026-01-16 00:26:32,159 - Wordcloud - INFO - Could not place word 'justo' even at min font size 14. Skipping.
2026-01-16 00:26:32,159 - Wordcloud - INFO - Could not place word 'pharetra' even at min font size 14. Skipping.
2026-01-16 00:26:32,159 - Wordcloud - INFO - Could not place word 'feugiat' even at min font size 14. Skipping.
2026-01-16 00:26:32,159 - Wordcloud - INFO - Could not place word 'scelerisque' even at min font size 14. Skipping.
2026-01-16 00:26:32,159 - Wordcloud - INFO - Could not place word 'nisl' even at min font size 14. Skipping.
2026-01-16 00:26:32,159 - Wordcloud - INFO - Could not place word 'ornare' even at min font size 14. Skipping.
2026-01-16 00:26:32,159 - Wordcloud - INFO - Could not place word 'minim' even at min font size 14. Skipping.
2026-01-16 00:26:32,159 - Wordcloud - INFO - Could not place word 'nostrud' even at min font size 14. Skipping.
2026-01-16 00:26:32,159 - Wordcloud - INFO - Could not place word 'exercitation' even at min font size 14. Skipping.
2026-01-16 00:26:32,159 - Wordcloud - INFO - Could not place word 'ullamco' even at min font size 14. Skipping.
2026-01-16 00:26:32,159 - Wordcloud - INFO - Could not place word 'laboris' even at min font size 14. Skipping.
2026-01-16 00:26:32,159 - Wordcloud - INFO - Could not place word 'aliquip' even at min font size 14. Skipping.
2026-01-16 00:26:32,159 - Wordcloud - INFO - Could not place word 'duis' even at min font size 14. Skipping.
2026-01-16 00:26:32,159 - Wordcloud - INFO - Could not place word 'molestie' even at min font size 14. Skipping.
2026-01-16 00:26:32,159 - Wordcloud - INFO - Could not place word 'purus' even at min font size 14. Skipping.
2026-01-16 00:26:32,159 - Wordcloud - INFO - Could not place word 'congue' even at min font size 14. Skipping.
2026-01-16 00:26:32,159 - Wordcloud - INFO - Could not place word 'class' even at min font size 14. Skipping.
2026-01-16 00:26:32,159 - Wordcloud - INFO - Could not place word 'aptent' even at min font size 14. Skipping.
2026-01-16 00:26:32,159 - Wordcloud - INFO - Could not place word 'taciti' even at min font size 14. Skipping.
2026-01-16 00:26:32,159 - Wordcloud - INFO - Could not place word 'sociosqu' even at min font size 14. Skipping.
2026-01-16 00:26:32,159 - Wordcloud - INFO - Could not place word 'litora' even at min font size 14. Skipping.
2026-01-16 00:26:32,159 - Wordcloud - INFO - Could not place word 'torquent' even at min font size 14. Skipping.
2026-01-16 00:26:32,159 - Wordcloud - INFO - Could not place word 'conubia' even at min font size 14. Skipping.
2026-01-16 00:26:32,159 - Wordcloud - INFO - Could not place word 'nostra' even at min font size 14. Skipping.
2026-01-16 00:26:32,159 - Wordcloud - INFO - Could not place word 'inceptos' even at min font size 14. Skipping.
2026-01-16 00:26:32,159 - Wordcloud - INFO - Could not place word 'hymenaeos' even at min font size 14. Skipping.
2026-01-16 00:26:32,159 - Wordcloud - INFO - Could not place word 'odio' even at min font size 14. Skipping.
2026-01-16 00:26:32,159 - Wordcloud - INFO - Could not place word 'placerat' even at min font size 14. Skipping.
2026-01-16 00:26:32,159 - Wordcloud - INFO - Could not place word 'praesent' even at min font size 14. Skipping.
2026-01-16 00:26:32,159 - Wordcloud - INFO - Could not place word 'cursus' even at min font size 14. Skipping.
2026-01-16 00:26:32,159 - Wordcloud - INFO - Could not place word 'cras' even at min font size 14. Skipping.
2026-01-16 00:26:32,159 - Wordcloud - INFO - Could not place word 'neque' even at min font size 14. Skipping.
2026-01-16 00:26:32,159 - Wordcloud - INFO - Could not place word 'fringilla' even at min font size 14. Skipping.
2026-01-16 00:26:32,159 - Wordcloud - INFO - Could not place word 'donec' even at min font size 14. Skipping.
2026-01-16 00:26:32,159 - Wordcloud - INFO - Could not place word 'iaculis' even at min font size 14. Skipping.
2026-01-16 00:26:32,159 - Wordcloud - INFO - Could not place word 'egestas' even at min font size 14. Skipping.
2026-01-16 00:26:32,159 - Wordcloud - INFO - Could not place word 'ligula' even at min font size 14. Skipping.
2026-01-16 00:26:32,159 - Wordcloud - INFO - Could not place word 'facilisis' even at min font size 14. Skipping.
2026-01-16 00:26:32,159 - Wordcloud - INFO - Could not place word 'minima' even at min font size 14. Skipping.
2026-01-16 00:26:32,159 - Wordcloud - INFO - Could not place word 'nostrum' even at min font size 14. Skipping.
2026-01-16 00:26:32,159 - Wordcloud - INFO - Could not place word 'exercitationem' even at min font size 14. Skipping.
2026-01-16 00:26:32,159 - Wordcloud - INFO - Could not place word 'ullam' even at min font size 14. Skipping.
2026-01-16 00:26:32,159 - Wordcloud - INFO - Could not place word 'corporis' even at min font size 14. Skipping.
2026-01-16 00:26:32,159 - Wordcloud - INFO - Could not place word 'laboriosam' even at min font size 14. Skipping.
2026-01-16 00:26:32,159 - Wordcloud - INFO - Could not place word 'aliquid' even at min font size 14. Skipping.
2026-01-16 00:26:32,159 - Wordcloud - INFO - Could not place word 'commodi' even at min font size 14. Skipping.
2026-01-16 00:26:32,159 - Wordcloud - INFO - Could not place word 'consequatur' even at min font size 14. Skipping.
2026-01-16 00:26:32,159 - Wordcloud - INFO - Could not place word 'ultrices' even at min font size 14. Skipping.
2026-01-16 00:26:32,159 - Wordcloud - INFO - Could not place word 'nam' even at min font size 14. Skipping.
2026-01-16 00:26:32,159 - Wordcloud - INFO - Could not place word 'tempore' even at min font size 14. Skipping.
2026-01-16 00:26:32,159 - Wordcloud - INFO - Could not place word 'cum' even at min font size 14. Skipping.
2026-01-16 00:26:32,159 - Wordcloud - INFO - Could not place word 'soluta' even at min font size 14. Skipping.
2026-01-16 00:26:32,159 - Wordcloud - INFO - Could not place word 'nobis' even at min font size 14. Skipping.
2026-01-16 00:26:32,159 - Wordcloud - INFO - Could not place word 'eligendi' even at min font size 14. Skipping.
2026-01-16 00:26:32,159 - Wordcloud - INFO - Could not place word 'optio' even at min font size 14. Skipping.
2026-01-16 00:26:32,159 - Wordcloud - INFO - Could not place word 'cumque' even at min font size 14. Skipping.
2026-01-16 00:26:32,159 - Wordcloud - INFO - Could not place word 'nihil' even at min font size 14. Skipping.
2026-01-16 00:26:32,159 - Wordcloud - INFO - Could not place word 'impedit' even at min font size 14. Skipping.
2026-01-16 00:26:32,159 - Wordcloud - INFO - Could not place word 'quo' even at min font size 14. Skipping.
2026-01-16 00:26:32,159 - Wordcloud - INFO - Could not place word 'minus' even at min font size 14. Skipping.
2026-01-16 00:26:32,159 - Wordcloud - INFO - Could not place word 'quod' even at min font size 14. Skipping.
2026-01-16 00:26:32,159 - Wordcloud - INFO - Could not place word 'maxime' even at min font size 14. Skipping.
2026-01-16 00:26:32,159 - Wordcloud - INFO - Could not place word 'placeat' even at min font size 14. Skipping.
2026-01-16 00:26:32,159 - Wordcloud - INFO - Could not place word 'facere' even at min font size 14. Skipping.
2026-01-16 00:26:32,159 - Wordcloud - INFO - Could not place word 'possimus' even at min font size 14. Skipping.
2026-01-16 00:26:32,159 - Wordcloud - INFO - Could not place word 'voluptas' even at min font size 14. Skipping.
2026-01-16 00:26:32,159 - Wordcloud - INFO - Could not place word 'assumenda' even at min font size 14. Skipping.
2026-01-16 00:26:32,159 - Wordcloud - INFO - Could not place word 'repellendus' even at min font size 14. Skipping.
2026-01-16 00:26:32,159 - Wordcloud - INFO - Could not place word 'dictum' even at min font size 14. Skipping.
2026-01-16 00:26:32,159 - Wordcloud - INFO - Could not place word 'nunc' even at min font size 14. Skipping.
2026-01-16 00:26:32,159 - Wordcloud - INFO - Could not place word 'euismod' even at min font size 14. Skipping.
2026-01-16 00:26:32,159 - Wordcloud - INFO - Could not place word 'risus' even at min font size 14. Skipping.
2026-01-16 00:26:32,159 - Wordcloud - INFO - Successfully placed 63 words
2026-01-16 00:26:32,160 - Wordcloud - INFO - Wordcloud generation completed
2026-01-16 00:26:32,160 - wordcloud.utils.font_utils - INFO - FontCache initialized
2026-01-16 00:26:32,160 - wordcloud.utils.text_processing - INFO - TextProcessor initialized: min_word_length=3, max_words=200, language=None, stemming=False, lemmatization=False, n_gram_range=None
2026-01-16 00:26:32,160 - Wordcloud - INFO - Wordcloud initialized: 800x500, strategy='quad', max_words=200, performance_tracking=False
2026-01-16 00:26:32,161 - Wordcloud - INFO - Starting wordcloud generation
2026-01-16 00:26:32,161 - Wordcloud - INFO - Preparing text (length: 3967 characters)
2026-01-16 00:26:32,171 - Wordcloud - INFO - Prepared 192 words for wordcloud
2026-01-16 00:26:32,171 - Wordcloud - INFO - Finding positions for 192 words using strategy 'quad'
2026-01-16 00:26:32,171 - wordcloud.utils.integral_image - INFO - IntegralImage initialized: 800x500, tracing=False, mask=none
2026-01-16 00:28:45,760 - Wordcloud - INFO - Could not place word 'adipiscing' even at min font size 14. Skipping.
2026-01-16 00:28:45,761 - Wordcloud - INFO - Could not place word 'morbi' even at min font size 14. Skipping.
2026-01-16 00:28:45,761 - Wordcloud - INFO - Could not place word 'tristique' even at min font size 14. Skipping.
2026-01-16 00:28:45,761 - Wordcloud - INFO - Could not place word 'rhoncus' even at min font size 14. Skipping.
2026-01-16 00:28:45,761 - Wordcloud - INFO - Could not place word 'vulputate' even at min font size 14. Skipping.
2026-01-16 00:28:45,761 - Wordcloud - INFO - Could not place word 'nibh' even at min font size 14. Skipping.
2026-01-16 00:28:45,761 - Wordcloud - INFO - Could not place word 'imperdiet' even at min font size 14. Skipping.
2026-01-16 00:28:45,761 - Wordcloud - INFO - Could not place word 'commodo' even at min font size 14. Skipping.
2026-01-16 00:28:45,761 - Wordcloud - INFO - Could not place word 'suspendisse' even at min font size 14. Skipping.
2026-01-16 00:28:45,761 - Wordcloud - INFO - Could not place word 'wisi' even at min font size 14. Skipping.
2026-01-16 00:28:45,761 - Wordcloud - INFO - Could not place word 'lobortis' even at min font size 14. Skipping.
2026-01-16 00:28:45,761 - Wordcloud - INFO - Could not place word 'posuere' even at min font size 14. Skipping.
2026-01-16 00:28:45,761 - Wordcloud - INFO - Could not place word 'gravida' even at min font size 14. Skipping.
2026-01-16 00:28:45,761 - Wordcloud - INFO - Could not place word 'perspiciatis' even at min font size 14. Skipping.
2026-01-16 00:28:45,761 - Wordcloud - INFO - Could not place word 'unde' even at min font size 14. Skipping.
2026-01-16 00:28:45,761 - Wordcloud - INFO - Could not place word 'iste' even at min font size 14. Skipping.
2026-01-16 00:28:45,761 - Wordcloud - INFO - Could not place word 'natus' even at min font size 14. Skipping.
2026-01-16 00:28:45,761 - Wordcloud - INFO - Could not place word 'error' even at min font size 14. Skipping.
2026-01-16 00:28:45,761 - Wordcloud - INFO - Could not place word 'voluptatem' even at min font size 14. Skipping.
2026-01-16 00:28:45,761 - Wordcloud - INFO - Could not place word 'accusantium' even at min font size 14. Skipping.
2026-01-16 00:28:45,761 - Wordcloud - INFO - Could not place word 'doloremque' even at min font size 14. Skipping.
2026-01-16 00:28:45,761 - Wordcloud - INFO - Could not place word 'laudantium' even at min font size 14. Skipping.
2026-01-16 00:28:45,761 - Wordcloud - INFO - Could not place word 'totam' even at min font size 14. Skipping.
2026-01-16 00:28:45,761 - Wordcloud - INFO - Could not place word 'rem' even at min font size 14. Skipping.
2026-01-16 00:28:45,761 - Wordcloud - INFO - Could not place word 'aperiam' even at min font size 14. Skipping.
2026-01-16 00:28:45,761 - Wordcloud - INFO - Could not place word 'eaque' even at min font size 14. Skipping.
2026-01-16 00:28:45,762 - Wordcloud - INFO - Could not place word 'ipsa' even at min font size 14. Skipping.
2026-01-16 00:28:45,762 - Wordcloud - INFO - Could not place word 'quae' even at min font size 14. Skipping.
2026-01-16 00:28:45,762 - Wordcloud - INFO - Could not place word 'illo' even at min font size 14. Skipping.
2026-01-16 00:28:45,762 - Wordcloud - INFO - Could not place word 'inventore' even at min font size 14. Skipping.
2026-01-16 00:28:45,762 - Wordcloud - INFO - Could not place word 'veritatis' even at min font size 14. Skipping.
2026-01-16 00:28:45,762 - Wordcloud - INFO - Could not place word 'quasi' even at min font size 14. Skipping.
2026-01-16 00:28:45,762 - Wordcloud - INFO - Could not place word 'architecto' even at min font size 14. Skipping.
2026-01-16 00:28:45,762 - Wordcloud - INFO - Could not place word 'beatae' even at min font size 14. Skipping.
2026-01-16 00:28:45,762 - Wordcloud - INFO - Could not place word 'dicta' even at min font size 14. Skipping.
2026-01-16 00:28:45,762 - Wordcloud - INFO - Could not place word 'sunt' even at min font size 14. Skipping.
2026-01-16 00:28:45,762 - Wordcloud - INFO - Could not place word 'explicabo' even at min font size 14. Skipping.
2026-01-16 00:28:45,762 - Wordcloud - INFO - Could not place word 'veniam' even at min font size 14. Skipping.
2026-01-16 00:28:45,762 - Wordcloud - INFO - Could not place word 'nisi' even at min font size 14. Skipping.
2026-01-16 00:28:45,762 - Wordcloud - INFO - Could not place word 'venenatis' even at min font size 14. Skipping.
2026-01-16 00:28:45,762 - Wordcloud - INFO - Could not place word 'tincidunt' even at min font size 14. Skipping.
2026-01-16 00:28:45,762 - Wordcloud - INFO - Could not place word 'pede' even at min font size 14. Skipping.
2026-01-16 00:28:45,762 - Wordcloud - INFO - Could not place word 'per' even at min font size 14. Skipping.
2026-01-16 00:28:45,762 - Wordcloud - INFO - Could not place word 'metus' even at min font size 14. Skipping.
2026-01-16 00:28:45,762 - Wordcloud - INFO - Could not place word 'tellus' even at min font size 14. Skipping.
2026-01-16 00:28:45,762 - Wordcloud - INFO - Could not place word 'felis' even at min font size 14. Skipping.
2026-01-16 00:28:45,762 - Wordcloud - INFO - Could not place word 'varius' even at min font size 14. Skipping.
2026-01-16 00:28:45,762 - Wordcloud - INFO - Could not place word 'semper' even at min font size 14. Skipping.
2026-01-16 00:28:45,762 - Wordcloud - INFO - Could not place word 'mollis' even at min font size 14. Skipping.
2026-01-16 00:28:45,762 - Wordcloud - INFO - Could not place word 'curabitur' even at min font size 14. Skipping.
2026-01-16 00:28:45,762 - Wordcloud - INFO - Could not place word 'pretium' even at min font size 14. Skipping.
2026-01-16 00:28:45,762 - Wordcloud - INFO - Could not place word 'pulvinar' even at min font size 14. Skipping.
2026-01-16 00:28:45,762 - Wordcloud - INFO - Could not place word 'massa' even at min font size 14. Skipping.
2026-01-16 00:28:45,762 - Wordcloud - INFO - Could not place word 'augue' even at min font size 14. Skipping.
2026-01-16 00:28:45,762 - Wordcloud - INFO - Could not place word 'sollicitudin' even at min font size 14. Skipping.
2026-01-16 00:28:45,762 - Wordcloud - INFO - Could not place word 'quisque' even at min font size 14. Skipping.
2026-01-16 00:28:45,762 - Wordcloud - INFO - Could not place word 'porta' even at min font size 14. Skipping.
2026-01-16 00:28:45,762 - Wordcloud - INFO - Could not place word 'justo' even at min font size 14. Skipping.
2026-01-16 00:28:45,762 - Wordcloud - INFO - Could not place word 'pharetra' even at min font size 14. Skipping.
2026-01-16 00:28:45,762 - Wordcloud - INFO - Could not place word 'feugiat' even at min font size 14. Skipping.
2026-01-16 00:28:45,762 - Wordcloud - INFO - Could not place word 'scelerisque' even at min font size 14. Skipping.
2026-01-16 00:28:45,762 - Wordcloud - INFO - Could not place word 'nisl' even at min font size 14. Skipping.
2026-01-16 00:28:45,762 - Wordcloud - INFO - Could not place word 'ornare' even at min font size 14. Skipping.
2026-01-16 00:28:45,762 - Wordcloud - INFO - Could not place word 'minim' even at min font size 14. Skipping.
2026-01-16 00:28:45,762 - Wordcloud - INFO - Could not place word 'nostrud' even at min font size 14. Skipping.
2026-01-16 00:28:45,762 - Wordcloud - INFO - Could not place word 'exercitation' even at min font size 14. Skipping.
2026-01-16 00:28:45,762 - Wordcloud - INFO - Could not place word 'ullamco' even at min font size 14. Skipping.
2026-01-16 00:28:45,762 - Wordcloud - INFO - Could not place word 'laboris' even at min font size 14. Skipping.
2026-01-16 00:28:45,762 - Wordcloud - INFO - Could not place word 'aliquip' even at min font size 14. Skipping.
2026-01-16 00:28:45,762 - Wordcloud - INFO - Could not place word 'duis' even at min font size 14. Skipping.
2026-01-16 00:28:45,762 - Wordcloud - INFO - Could not place word 'molestie' even at min font size 14. Skipping.
2026-01-16 00:28:45,762 - Wordcloud - INFO - Could not place word 'purus' even at min font size 14. Skipping.
2026-01-16 00:28:45,762 - Wordcloud - INFO - Could not place word 'congue' even at min font size 14. Skipping.
2026-01-16 00:28:45,762 - Wordcloud - INFO - Could not place word 'class' even at min font size 14. Skipping.
2026-01-16 00:28:45,762 - Wordcloud - INFO - Could not place word 'aptent' even at min font size 14. Skipping.
2026-01-16 00:28:45,762 - Wordcloud - INFO - Could not place word 'taciti' even at min font size 14. Skipping.
2026-01-16 00:28:45,762 - Wordcloud - INFO - Could not place word 'sociosqu' even at min font size 14. Skipping.
2026-01-16 00:28:45,762 - Wordcloud - INFO - Could not place word 'litora' even at min font size 14. Skipping.
2026-01-16 00:28:45,762 - Wordcloud - INFO - Could not place word 'torquent' even at min font size 14. Skipping.
2026-01-16 00:28:45,762 - Wordcloud - INFO - Could not place word 'conubia' even at min font size 14. Skipping.
2026-01-16 00:28:45,762 - Wordcloud - INFO - Could not place word 'nostra' even at min font size 14. Skipping.
2026-01-16 00:28:45,762 - Wordcloud - INFO - Could not place word 'inceptos' even at min font size 14. Skipping.
2026-01-16 00:28:45,762 - Wordcloud - INFO - Could not place word 'hymenaeos' even at min font size 14. Skipping.
2026-01-16 00:28:45,762 - Wordcloud - INFO - Could not place word 'odio' even at min font size 14. Skipping.
2026-01-16 00:28:45,762 - Wordcloud - INFO - Could not place word 'placerat' even at min font size 14. Skipping.
2026-01-16 00:28:45,762 - Wordcloud - INFO - Could not place word 'praesent' even at min font size 14. Skipping.
2026-01-16 00:28:45,762 - Wordcloud - INFO - Could not place word 'cursus' even at min font size 14. Skipping.
2026-01-16 00:28:45,762 - Wordcloud - INFO - Could not place word 'cras' even at min font size 14. Skipping.
2026-01-16 00:28:45,762 - Wordcloud - INFO - Could not place word 'neque' even at min font size 14. Skipping.
2026-01-16 00:28:45,762 - Wordcloud - INFO - Could not place word 'fringilla' even at min font size 14. Skipping.
2026-01-16 00:28:45,762 - Wordcloud - INFO - Could not place word 'donec' even at min font size 14. Skipping.
2026-01-16 00:28:45,762 - Wordcloud - INFO - Could not place word 'iaculis' even at min font size 14. Skipping.
2026-01-16 00:28:45,762 - Wordcloud - INFO - Could not place word 'egestas' even at min font size 14. Skipping.
2026-01-16 00:28:45,762 - Wordcloud - INFO - Could not place word 'ligula' even at min font size 14. Skipping.
2026-01-16 00:28:45,762 - Wordcloud - INFO - Could not place word 'facilisis' even at min font size 14. Skipping.
2026-01-16 00:28:45,762 - Wordcloud - INFO - Could not place word 'minima' even at min font size 14. Skipping.
2026-01-16 00:28:45,762 - Wordcloud - INFO - Could not place word 'nostrum' even at min font size 14. Skipping.
2026-01-16 00:28:45,762 - Wordcloud - INFO - Could not place word 'exercitationem' even at min font size 14. Skipping.
2026-01-16 00:28:45,762 - Wordcloud - INFO - Could not place word 'ullam' even at min font size 14. Skipping.
2026-01-16 00:28:45,762 - Wordcloud - INFO - Could not place word 'corporis' even at min font size 14. Skipping.
2026-01-16 00:28:45,762 - Wordcloud - INFO - Could not place word 'laboriosam' even at min font size 14. Skipping.
2026-01-16 00:28:45,762 - Wordcloud - INFO - Could not place word 'aliquid' even at min font size 14. Skipping.
2026-01-16 00:28:45,762 - Wordcloud - INFO - Could not place word 'commodi' even at min font size 14. Skipping.
2026-01-16 00:28:45,762 - Wordcloud - INFO - Could not place word 'consequatur' even at min font size 14. Skipping.
2026-01-16 00:28:45,762 - Wordcloud - INFO - Could not place word 'ultrices' even at min font size 14. Skipping.
2026-01-16 00:28:45,762 - Wordcloud - INFO - Could not place word 'nam' even at min font size 14. Skipping.
2026-01-16 00:28:45,762 - Wordcloud - INFO - Could not place word 'tempore' even at min font size 14. Skipping.
2026-01-16 00:28:45,762 - Wordcloud - INFO - Could not place word 'cum' even at min font size 14. Skipping.
2026-01-16 00:28:45,762 - Wordcloud - INFO - Could not place word 'soluta' even at min font size 14. Skipping.
2026-01-16 00:28:45,762 - Wordcloud - INFO - Could not place word 'nobis' even at min font size 14. Skipping.
2026-01-16 00:28:45,762 - Wordcloud - INFO - Could not place word 'eligendi' even at min font size 14. Skipping.
2026-01-16 00:28:45,762 - Wordcloud - INFO - Could not place word 'optio' even at min font size 14. Skipping.
2026-01-16 00:28:45,762 - Wordcloud - INFO - Could not place word 'cumque' even at min font size 14. Skipping.
2026-01-16 00:28:45,762 - Wordcloud - INFO - Could not place word 'nihil' even at min font size 14. Skipping.
2026-01-16 00:28:45,762 - Wordcloud - INFO - Could not place word 'impedit' even at min font size 14. Skipping.
2026-01-16 00:28:45,762 - Wordcloud - INFO - Could not place word 'quo' even at min font size 14. Skipping.
2026-01-16 00:28:45,763 - Wordcloud - INFO - Could not place word 'minus' even at min font size 14. Skipping.
2026-01-16 00:28:45,763 - Wordcloud - INFO - Could not place word 'quod' even at min font size 14. Skipping.
2026-01-16 00:28:45,763 - Wordcloud - INFO - Could not place word 'maxime' even at min font size 14. Skipping.
2026-01-16 00:28:45,763 - Wordcloud - INFO - Could not place word 'placeat' even at min font size 14. Skipping.
2026-01-16 00:28:45,763 - Wordcloud - INFO - Could not place word 'facere' even at min font size 14. Skipping.
2026-01-16 00:28:45,763 - Wordcloud - INFO - Could not place word 'possimus' even at min font size 14. Skipping.
2026-01-16 00:28:45,763 - Wordcloud - INFO - Could not place word 'voluptas' even at min font size 14. Skipping.
2026-01-16 00:28:45,763 - Wordcloud - INFO - Could not place word 'assumenda' even at min font size 14. Skipping.
2026-01-16 00:28:45,763 - Wordcloud - INFO - Could not place word 'repellendus' even at min font size 14. Skipping.
2026-01-16 00:28:45,763 - Wordcloud - INFO - Could not place word 'dictum' even at min font size 14. Skipping.
2026-01-16 00:28:45,763 - Wordcloud - INFO - Could not place word 'nunc' even at min font size 14. Skipping.
2026-01-16 00:28:45,763 - Wordcloud - INFO - Could not place word 'euismod' even at min font size 14. Skipping.
2026-01-16 00:28:45,763 - Wordcloud - INFO - Could not place word 'risus' even at min font size 14. Skipping.
2026-01-16 00:28:45,763 - Wordcloud - INFO - Successfully placed 63 words
2026-01-16 00:28:45,763 - Wordcloud - INFO - Wordcloud generation completed
2026-01-16 00:28:45,763 - wordcloud.utils.font_utils - INFO - FontCache initialized
2026-01-16 00:28:45,763 - wordcloud.utils.text_processing - INFO - TextProcessor initialized: min_word_length=3, max_words=200, language=None, stemming=False, lemmatization=False, n_gram_range=None
2026-01-16 00:28:45,763 - Wordcloud - INFO - Wordcloud initialized: 800x500, strategy='pytag', max_words=200, performance_tracking=False
2026-01-16 00:28:45,764 - Wordcloud - INFO - Starting wordcloud generation
2026-01-16 00:28:45,764 - Wordcloud - INFO - Preparing text (length: 3967 characters)
2026-01-16 00:28:45,774 - Wordcloud - INFO - Prepared 192 words for wordcloud
2026-01-16 00:28:45,774 - Wordcloud - INFO - Finding positions for 192 words using strategy 'pytag'
2026-01-16 00:28:45,775 - wordcloud.utils.integral_image - INFO - IntegralImage initialized: 800x500, tracing=False, mask=none
2026-01-16 00:28:57,059 - Wordcloud - INFO - Could not place word 'adipiscing' even at min font size 14. Skipping.
2026-01-16 00:28:57,060 - Wordcloud - INFO - Could not place word 'morbi' even at min font size 14. Skipping.
2026-01-16 00:28:57,060 - Wordcloud - INFO - Could not place word 'tristique' even at min font size 14. Skipping.
2026-01-16 00:28:57,060 - Wordcloud - INFO - Could not place word 'rhoncus' even at min font size 14. Skipping.
2026-01-16 00:28:57,060 - Wordcloud - INFO - Could not place word 'vulputate' even at min font size 14. Skipping.
2026-01-16 00:28:57,060 - Wordcloud - INFO - Could not place word 'nibh' even at min font size 14. Skipping.
2026-01-16 00:28:57,060 - Wordcloud - INFO - Could not place word 'imperdiet' even at min font size 14. Skipping.
2026-01-16 00:28:57,060 - Wordcloud - INFO - Could not place word 'commodo' even at min font size 14. Skipping.
2026-01-16 00:28:57,060 - Wordcloud - INFO - Could not place word 'suspendisse' even at min font size 14. Skipping.
2026-01-16 00:28:57,060 - Wordcloud - INFO - Could not place word 'wisi' even at min font size 14. Skipping.
2026-01-16 00:28:57,060 - Wordcloud - INFO - Could not place word 'lobortis' even at min font size 14. Skipping.
2026-01-16 00:28:57,060 - Wordcloud - INFO - Could not place word 'posuere' even at min font size 14. Skipping.
2026-01-16 00:28:57,060 - Wordcloud - INFO - Could not place word 'gravida' even at min font size 14. Skipping.
2026-01-16 00:28:57,060 - Wordcloud - INFO - Could not place word 'perspiciatis' even at min font size 14. Skipping.
2026-01-16 00:28:57,060 - Wordcloud - INFO - Could not place word 'unde' even at min font size 14. Skipping.
2026-01-16 00:28:57,060 - Wordcloud - INFO - Could not place word 'iste' even at min font size 14. Skipping.
2026-01-16 00:28:57,060 - Wordcloud - INFO - Could not place word 'natus' even at min font size 14. Skipping.
2026-01-16 00:28:57,060 - Wordcloud - INFO - Could not place word 'error' even at min font size 14. Skipping.
2026-01-16 00:28:57,060 - Wordcloud - INFO - Could not place word 'voluptatem' even at min font size 14. Skipping.
2026-01-16 00:28:57,060 - Wordcloud - INFO - Could not place word 'accusantium' even at min font size 14. Skipping.
2026-01-16 00:28:57,060 - Wordcloud - INFO - Could not place word 'doloremque' even at min font size 14. Skipping.
2026-01-16 00:28:57,060 - Wordcloud - INFO - Could not place word 'laudantium' even at min font size 14. Skipping.
2026-01-16 00:28:57,060 - Wordcloud - INFO - Could not place word 'totam' even at min font size 14. Skipping.
2026-01-16 00:28:57,060 - Wordcloud - INFO - Could not place word 'rem' even at min font size 14. Skipping.
2026-01-16 00:28:57,060 - Wordcloud - INFO - Could not place word 'aperiam' even at min font size 14. Skipping.
2026-01-16 00:28:57,060 - Wordcloud - INFO - Could not place word 'eaque' even at min font size 14. Skipping.
2026-01-16 00:28:57,060 - Wordcloud - INFO - Could not place word 'ipsa' even at min font size 14. Skipping.
2026-01-16 00:28:57,060 - Wordcloud - INFO - Could not place word 'quae' even at min font size 14. Skipping.
2026-01-16 00:28:57,060 - Wordcloud - INFO - Could not place word 'illo' even at min font size 14. Skipping.
2026-01-16 00:28:57,060 - Wordcloud - INFO - Could not place word 'inventore' even at min font size 14. Skipping.
2026-01-16 00:28:57,060 - Wordcloud - INFO - Could not place word 'veritatis' even at min font size 14. Skipping.
2026-01-16 00:28:57,060 - Wordcloud - INFO - Could not place word 'quasi' even at min font size 14. Skipping.
2026-01-16 00:28:57,060 - Wordcloud - INFO - Could not place word 'architecto' even at min font size 14. Skipping.
2026-01-16 00:28:57,060 - Wordcloud - INFO - Could not place word 'beatae' even at min font size 14. Skipping.
2026-01-16 00:28:57,060 - Wordcloud - INFO - Could not place word 'dicta' even at min font size 14. Skipping.
2026-01-16 00:28:57,060 - Wordcloud - INFO - Could not place word 'sunt' even at min font size 14. Skipping.
2026-01-16 00:28:57,060 - Wordcloud - INFO - Could not place word 'explicabo' even at min font size 14. Skipping.
2026-01-16 00:28:57,060 - Wordcloud - INFO - Could not place word 'veniam' even at min font size 14. Skipping.
2026-01-16 00:28:57,060 - Wordcloud - INFO - Could not place word 'nisi' even at min font size 14. Skipping.
2026-01-16 00:28:57,060 - Wordcloud - INFO - Could not place word 'venenatis' even at min font size 14. Skipping.
2026-01-16 00:28:57,060 - Wordcloud - INFO - Could not place word 'tincidunt' even at min font size 14. Skipping.
2026-01-16 00:28:57,060 - Wordcloud - INFO - Could not place word 'pede' even at min font size 14. Skipping.
2026-01-16 00:28:57,060 - Wordcloud - INFO - Could not place word 'per' even at min font size 14. Skipping.
2026-01-16 00:28:57,060 - Wordcloud - INFO - Could not place word 'metus' even at min font size 14. Skipping.
2026-01-16 00:28:57,060 - Wordcloud - INFO - Could not place word 'tellus' even at min font size 14. Skipping.
2026-01-16 00:28:57,060 - Wordcloud - INFO - Could not place word 'felis' even at min font size 14. Skipping.
2026-01-16 00:28:57,060 - Wordcloud - INFO - Could not place word 'varius' even at min font size 14. Skipping.
2026-01-16 00:28:57,060 - Wordcloud - INFO - Could not place word 'semper' even at min font size 14. Skipping.
2026-01-16 00:28:57,060 - Wordcloud - INFO - Could not place word 'mollis' even at min font size 14. Skipping.
2026-01-16 00:28:57,060 - Wordcloud - INFO - Could not place word 'curabitur' even at min font size 14. Skipping.
2026-01-16 00:28:57,060 - Wordcloud - INFO - Could not place word 'pretium' even at min font size 14. Skipping.
2026-01-16 00:28:57,060 - Wordcloud - INFO - Could not place word 'pulvinar' even at min font size 14. Skipping.
2026-01-16 00:28:57,060 - Wordcloud - INFO - Could not place word 'massa' even at min font size 14. Skipping.
2026-01-16 00:28:57,060 - Wordcloud - INFO - Could not place word 'augue' even at min font size 14. Skipping.
2026-01-16 00:28:57,060 - Wordcloud - INFO - Could not place word 'sollicitudin' even at min font size 14. Skipping.
2026-01-16 00:28:57,060 - Wordcloud - INFO - Could not place word 'quisque' even at min font size 14. Skipping.
2026-01-16 00:28:57,060 - Wordcloud - INFO - Could not place word 'porta' even at min font size 14. Skipping.
2026-01-16 00:28:57,060 - Wordcloud - INFO - Could not place word 'justo' even at min font size 14. Skipping.
2026-01-16 00:28:57,060 - Wordcloud - INFO - Could not place word 'pharetra' even at min font size 14. Skipping.
2026-01-16 00:28:57,060 - Wordcloud - INFO - Could not place word 'feugiat' even at min font size 14. Skipping.
2026-01-16 00:28:57,060 - Wordcloud - INFO - Could not place word 'scelerisque' even at min font size 14. Skipping.
2026-01-16 00:28:57,060 - Wordcloud - INFO - Could not place word 'nisl' even at min font size 14. Skipping.
2026-01-16 00:28:57,060 - Wordcloud - INFO - Could not place word 'ornare' even at min font size 14. Skipping.
2026-01-16 00:28:57,060 - Wordcloud - INFO - Could not place word 'minim' even at min font size 14. Skipping.
2026-01-16 00:28:57,060 - Wordcloud - INFO - Could not place word 'nostrud' even at min font size 14. Skipping.
2026-01-16 00:28:57,060 - Wordcloud - INFO - Could not place word 'exercitation' even at min font size 14. Skipping.
2026-01-16 00:28:57,060 - Wordcloud - INFO - Could not place word 'ullamco' even at min font size 14. Skipping.
2026-01-16 00:28:57,060 - Wordcloud - INFO - Could not place word 'laboris' even at min font size 14. Skipping.
2026-01-16 00:28:57,060 - Wordcloud - INFO - Could not place word 'aliquip' even at min font size 14. Skipping.
2026-01-16 00:28:57,060 - Wordcloud - INFO - Could not place word 'duis' even at min font size 14. Skipping.
2026-01-16 00:28:57,060 - Wordcloud - INFO - Could not place word 'molestie' even at min font size 14. Skipping.
2026-01-16 00:28:57,061 - Wordcloud - INFO - Could not place word 'purus' even at min font size 14. Skipping.
2026-01-16 00:28:57,061 - Wordcloud - INFO - Could not place word 'congue' even at min font size 14. Skipping.
2026-01-16 00:28:57,061 - Wordcloud - INFO - Could not place word 'class' even at min font size 14. Skipping.
2026-01-16 00:28:57,061 - Wordcloud - INFO - Could not place word 'aptent' even at min font size 14. Skipping.
2026-01-16 00:28:57,061 - Wordcloud - INFO - Could not place word 'taciti' even at min font size 14. Skipping.
2026-01-16 00:28:57,061 - Wordcloud - INFO - Could not place word 'sociosqu' even at min font size 14. Skipping.
2026-01-16 00:28:57,061 - Wordcloud - INFO - Could not place word 'litora' even at min font size 14. Skipping.
2026-01-16 00:28:57,061 - Wordcloud - INFO - Could not place word 'torquent' even at min font size 14. Skipping.
2026-01-16 00:28:57,061 - Wordcloud - INFO - Could not place word 'conubia' even at min font size 14. Skipping.
2026-01-16 00:28:57,061 - Wordcloud - INFO - Could not place word 'nostra' even at min font size 14. Skipping.
2026-01-16 00:28:57,061 - Wordcloud - INFO - Could not place word 'inceptos' even at min font size 14. Skipping.
2026-01-16 00:28:57,061 - Wordcloud - INFO - Could not place word 'hymenaeos' even at min font size 14. Skipping.
2026-01-16 00:28:57,061 - Wordcloud - INFO - Could not place word 'odio' even at min font size 14. Skipping.
2026-01-16 00:28:57,061 - Wordcloud - INFO - Could not place word 'placerat' even at min font size 14. Skipping.
2026-01-16 00:28:57,061 - Wordcloud - INFO - Could not place word 'praesent' even at min font size 14. Skipping.
2026-01-16 00:28:57,061 - Wordcloud - INFO - Could not place word 'cursus' even at min font size 14. Skipping.
2026-01-16 00:28:57,061 - Wordcloud - INFO - Could not place word 'cras' even at min font size 14. Skipping.
2026-01-16 00:28:57,061 - Wordcloud - INFO - Could not place word 'neque' even at min font size 14. Skipping.
2026-01-16 00:28:57,061 - Wordcloud - INFO - Could not place word 'fringilla' even at min font size 14. Skipping.
2026-01-16 00:28:57,061 - Wordcloud - INFO - Could not place word 'donec' even at min font size 14. Skipping.
2026-01-16 00:28:57,061 - Wordcloud - INFO - Could not place word 'iaculis' even at min font size 14. Skipping.
2026-01-16 00:28:57,061 - Wordcloud - INFO - Could not place word 'egestas' even at min font size 14. Skipping.
2026-01-16 00:28:57,061 - Wordcloud - INFO - Could not place word 'ligula' even at min font size 14. Skipping.
2026-01-16 00:28:57,061 - Wordcloud - INFO - Could not place word 'facilisis' even at min font size 14. Skipping.
2026-01-16 00:28:57,061 - Wordcloud - INFO - Could not place word 'minima' even at min font size 14. Skipping.
2026-01-16 00:28:57,061 - Wordcloud - INFO - Could not place word 'nostrum' even at min font size 14. Skipping.
2026-01-16 00:28:57,061 - Wordcloud - INFO - Could not place word 'exercitationem' even at min font size 14. Skipping.
2026-01-16 00:28:57,061 - Wordcloud - INFO - Could not place word 'ullam' even at min font size 14. Skipping.
2026-01-16 00:28:57,061 - Wordcloud - INFO - Could not place word 'corporis' even at min font size 14. Skipping.
2026-01-16 00:28:57,061 - Wordcloud - INFO - Could not place word 'laboriosam' even at min font size 14. Skipping.
2026-01-16 00:28:57,061 - Wordcloud - INFO - Could not place word 'aliquid' even at min font size 14. Skipping.
2026-01-16 00:28:57,061 - Wordcloud - INFO - Could not place word 'commodi' even at min font size 14. Skipping.
2026-01-16 00:28:57,061 - Wordcloud - INFO - Could not place word 'consequatur' even at min font size 14. Skipping.
2026-01-16 00:28:57,061 - Wordcloud - INFO - Could not place word 'ultrices' even at min font size 14. Skipping.
2026-01-16 00:28:57,061 - Wordcloud - INFO - Could not place word 'nam' even at min font size 14. Skipping.
2026-01-16 00:28:57,061 - Wordcloud - INFO - Could not place word 'tempore' even at min font size 14. Skipping.
2026-01-16 00:28:57,061 - Wordcloud - INFO - Could not place word 'cum' even at min font size 14. Skipping.
2026-01-16 00:28:57,061 - Wordcloud - INFO - Could not place word 'soluta' even at min font size 14. Skipping.
2026-01-16 00:28:57,061 - Wordcloud - INFO - Could not place word 'nobis' even at min font size 14. Skipping.
2026-01-16 00:28:57,061 - Wordcloud - INFO - Could not place word 'eligendi' even at min font size 14. Skipping.
2026-01-16 00:28:57,061 - Wordcloud - INFO - Could not place word 'optio' even at min font size 14. Skipping.
2026-01-16 00:28:57,061 - Wordcloud - INFO - Could not place word 'cumque' even at min font size 14. Skipping.
2026-01-16 00:28:57,061 - Wordcloud - INFO - Could not place word 'nihil' even at min font size 14. Skipping.
2026-01-16 00:28:57,061 - Wordcloud - INFO - Could not place word 'impedit' even at min font size 14. Skipping.
2026-01-16 00:28:57,061 - Wordcloud - INFO - Could not place word 'quo' even at min font size 14. Skipping.
2026-01-16 00:28:57,061 - Wordcloud - INFO - Could not place word 'minus' even at min font size 14. Skipping.
2026-01-16 00:28:57,061 - Wordcloud - INFO - Could not place word 'quod' even at min font size 14. Skipping.
2026-01-16 00:28:57,061 - Wordcloud - INFO - Could not place word 'maxime' even at min font size 14. Skipping.
2026-01-16 00:28:57,061 - Wordcloud - INFO - Could not place word 'placeat' even at min font size 14. Skipping.
2026-01-16 00:28:57,061 - Wordcloud - INFO - Could not place word 'facere' even at min font size 14. Skipping.
2026-01-16 00:28:57,061 - Wordcloud - INFO - Could not place word 'possimus' even at min font size 14. Skipping.
2026-01-16 00:28:57,061 - Wordcloud - INFO - Could not place word 'voluptas' even at min font size 14. Skipping.
2026-01-16 00:28:57,061 - Wordcloud - INFO - Could not place word 'assumenda' even at min font size 14. Skipping.
2026-01-16 00:28:57,061 - Wordcloud - INFO - Could not place word 'repellendus' even at min font size 14. Skipping.
2026-01-16 00:28:57,061 - Wordcloud - INFO - Could not place word 'dictum' even at min font size 14. Skipping.
2026-01-16 00:28:57,061 - Wordcloud - INFO - Could not place word 'nunc' even at min font size 14. Skipping.
2026-01-16 00:28:57,061 - Wordcloud - INFO - Could not place word 'euismod' even at min font size 14. Skipping.
2026-01-16 00:28:57,061 - Wordcloud - INFO - Could not place word 'risus' even at min font size 14. Skipping.
2026-01-16 00:28:57,062 - Wordcloud - INFO - Successfully placed 63 words
2026-01-16 00:28:57,062 - Wordcloud - INFO - Wordcloud generation completed
2026-01-16 00:28:57,062 - wordcloud.utils.font_utils - INFO - FontCache initialized
2026-01-16 00:28:57,062 - wordcloud.utils.text_processing - INFO - TextProcessor initialized: min_word_length=3, max_words=200, language=None, stemming=False, lemmatization=False, n_gram_range=None
2026-01-16 00:28:57,062 - Wordcloud - INFO - Wordcloud initialized: 800x500, strategy='pytag_reverse', max_words=200, performance_tracking=False
2026-01-16 00:28:57,063 - Wordcloud - INFO - Starting wordcloud generation
2026-01-16 00:28:57,063 - Wordcloud - INFO - Preparing text (length: 3967 characters)
2026-01-16 00:28:57,072 - Wordcloud - INFO - Prepared 192 words for wordcloud
2026-01-16 00:28:57,072 - Wordcloud - INFO - Finding positions for 192 words using strategy 'pytag_reverse'
2026-01-16 00:28:57,072 - wordcloud.utils.integral_image - INFO - IntegralImage initialized: 800x500, tracing=False, mask=none
2026-01-16 00:29:08,322 - Wordcloud - INFO - Could not place word 'adipiscing' even at min font size 14. Skipping.
2026-01-16 00:29:08,323 - Wordcloud - INFO - Could not place word 'morbi' even at min font size 14. Skipping.
2026-01-16 00:29:08,323 - Wordcloud - INFO - Could not place word 'tristique' even at min font size 14. Skipping.
2026-01-16 00:29:08,323 - Wordcloud - INFO - Could not place word 'rhoncus' even at min font size 14. Skipping.
2026-01-16 00:29:08,323 - Wordcloud - INFO - Could not place word 'vulputate' even at min font size 14. Skipping.
2026-01-16 00:29:08,323 - Wordcloud - INFO - Could not place word 'nibh' even at min font size 14. Skipping.
2026-01-16 00:29:08,323 - Wordcloud - INFO - Could not place word 'imperdiet' even at min font size 14. Skipping.
2026-01-16 00:29:08,323 - Wordcloud - INFO - Could not place word 'commodo' even at min font size 14. Skipping.
2026-01-16 00:29:08,323 - Wordcloud - INFO - Could not place word 'suspendisse' even at min font size 14. Skipping.
2026-01-16 00:29:08,323 - Wordcloud - INFO - Could not place word 'wisi' even at min font size 14. Skipping.
2026-01-16 00:29:08,323 - Wordcloud - INFO - Could not place word 'lobortis' even at min font size 14. Skipping.
2026-01-16 00:29:08,323 - Wordcloud - INFO - Could not place word 'posuere' even at min font size 14. Skipping.
2026-01-16 00:29:08,323 - Wordcloud - INFO - Could not place word 'gravida' even at min font size 14. Skipping.
2026-01-16 00:29:08,323 - Wordcloud - INFO - Could not place word 'perspiciatis' even at min font size 14. Skipping.
2026-01-16 00:29:08,323 - Wordcloud - INFO - Could not place word 'unde' even at min font size 14. Skipping.
2026-01-16 00:29:08,323 - Wordcloud - INFO - Could not place word 'iste' even at min font size 14. Skipping.
2026-01-16 00:29:08,323 - Wordcloud - INFO - Could not place word 'natus' even at min font size 14. Skipping.
2026-01-16 00:29:08,323 - Wordcloud - INFO - Could not place word 'error' even at min font size 14. Skipping.
2026-01-16 00:29:08,323 - Wordcloud - INFO - Could not place word 'voluptatem' even at min font size 14. Skipping.
2026-01-16 00:29:08,323 - Wordcloud - INFO - Could not place word 'accusantium' even at min font size 14. Skipping.
2026-01-16 00:29:08,323 - Wordcloud - INFO - Could not place word 'doloremque' even at min font size 14. Skipping.
2026-01-16 00:29:08,323 - Wordcloud - INFO - Could not place word 'laudantium' even at min font size 14. Skipping.
2026-01-16 00:29:08,323 - Wordcloud - INFO - Could not place word 'totam' even at min font size 14. Skipping.
2026-01-16 00:29:08,323 - Wordcloud - INFO - Could not place word 'rem' even at min font size 14. Skipping.
2026-01-16 00:29:08,323 - Wordcloud - INFO - Could not place word 'aperiam' even at min font size 14. Skipping.
2026-01-16 00:29:08,323 - Wordcloud - INFO - Could not place word 'eaque' even at min font size 14. Skipping.
2026-01-16 00:29:08,323 - Wordcloud - INFO - Could not place word 'ipsa' even at min font size 14. Skipping.
2026-01-16 00:29:08,323 - Wordcloud - INFO - Could not place word 'quae' even at min font size 14. Skipping.
2026-01-16 00:29:08,323 - Wordcloud - INFO - Could not place word 'illo' even at min font size 14. Skipping.
2026-01-16 00:29:08,323 - Wordcloud - INFO - Could not place word 'inventore' even at min font size 14. Skipping.
2026-01-16 00:29:08,323 - Wordcloud - INFO - Could not place word 'veritatis' even at min font size 14. Skipping.
2026-01-16 00:29:08,323 - Wordcloud - INFO - Could not place word 'quasi' even at min font size 14. Skipping.
2026-01-16 00:29:08,323 - Wordcloud - INFO - Could not place word 'architecto' even at min font size 14. Skipping.
2026-01-16 00:29:08,323 - Wordcloud - INFO - Could not place word 'beatae' even at min font size 14. Skipping.
2026-01-16 00:29:08,323 - Wordcloud - INFO - Could not place word 'dicta' even at min font size 14. Skipping.
2026-01-16 00:29:08,323 - Wordcloud - INFO - Could not place word 'sunt' even at min font size 14. Skipping.
2026-01-16 00:29:08,323 - Wordcloud - INFO - Could not place word 'explicabo' even at min font size 14. Skipping.
2026-01-16 00:29:08,323 - Wordcloud - INFO - Could not place word 'veniam' even at min font size 14. Skipping.
2026-01-16 00:29:08,323 - Wordcloud - INFO - Could not place word 'nisi' even at min font size 14. Skipping.
2026-01-16 00:29:08,323 - Wordcloud - INFO - Could not place word 'venenatis' even at min font size 14. Skipping.
2026-01-16 00:29:08,323 - Wordcloud - INFO - Could not place word 'tincidunt' even at min font size 14. Skipping.
2026-01-16 00:29:08,323 - Wordcloud - INFO - Could not place word 'pede' even at min font size 14. Skipping.
2026-01-16 00:29:08,323 - Wordcloud - INFO - Could not place word 'per' even at min font size 14. Skipping.
2026-01-16 00:29:08,323 - Wordcloud - INFO - Could not place word 'metus' even at min font size 14. Skipping.
2026-01-16 00:29:08,323 - Wordcloud - INFO - Could not place word 'tellus' even at min font size 14. Skipping.
2026-01-16 00:29:08,323 - Wordcloud - INFO - Could not place word 'felis' even at min font size 14. Skipping.
2026-01-16 00:29:08,323 - Wordcloud - INFO - Could not place word 'varius' even at min font size 14. Skipping.
2026-01-16 00:29:08,323 - Wordcloud - INFO - Could not place word 'semper' even at min font size 14. Skipping.
2026-01-16 00:29:08,323 - Wordcloud - INFO - Could not place word 'mollis' even at min font size 14. Skipping.
2026-01-16 00:29:08,323 - Wordcloud - INFO - Could not place word 'curabitur' even at min font size 14. Skipping.
2026-01-16 00:29:08,323 - Wordcloud - INFO - Could not place word 'pretium' even at min font size 14. Skipping.
2026-01-16 00:29:08,323 - Wordcloud - INFO - Could not place word 'pulvinar' even at min font size 14. Skipping.
2026-01-16 00:29:08,323 - Wordcloud - INFO - Could not place word 'massa' even at min font size 14. Skipping.
2026-01-16 00:29:08,323 - Wordcloud - INFO - Could not place word 'augue' even at min font size 14. Skipping.
2026-01-16 00:29:08,323 - Wordcloud - INFO - Could not place word 'sollicitudin' even at min font size 14. Skipping.
2026-01-16 00:29:08,323 - Wordcloud - INFO - Could not place word 'quisque' even at min font size 14. Skipping.
2026-01-16 00:29:08,323 - Wordcloud - INFO - Could not place word 'porta' even at min font size 14. Skipping.
2026-01-16 00:29:08,323 - Wordcloud - INFO - Could not place word 'justo' even at min font size 14. Skipping.
2026-01-16 00:29:08,323 - Wordcloud - INFO - Could not place word 'pharetra' even at min font size 14. Skipping.
2026-01-16 00:29:08,323 - Wordcloud - INFO - Could not place word 'feugiat' even at min font size 14. Skipping.
2026-01-16 00:29:08,323 - Wordcloud - INFO - Could not place word 'scelerisque' even at min font size 14. Skipping.
2026-01-16 00:29:08,323 - Wordcloud - INFO - Could not place word 'nisl' even at min font size 14. Skipping.
2026-01-16 00:29:08,323 - Wordcloud - INFO - Could not place word 'ornare' even at min font size 14. Skipping.
2026-01-16 00:29:08,323 - Wordcloud - INFO - Could not place word 'minim' even at min font size 14. Skipping.
2026-01-16 00:29:08,324 - Wordcloud - INFO - Could not place word 'nostrud' even at min font size 14. Skipping.
2026-01-16 00:29:08,324 - Wordcloud - INFO - Could not place word 'exercitation' even at min font size 14. Skipping.
2026-01-16 00:29:08,324 - Wordcloud - INFO - Could not place word 'ullamco' even at min font size 14. Skipping.
2026-01-16 00:29:08,324 - Wordcloud - INFO - Could not place word 'laboris' even at min font size 14. Skipping.
2026-01-16 00:29:08,324 - Wordcloud - INFO - Could not place word 'aliquip' even at min font size 14. Skipping.
2026-01-16 00:29:08,324 - Wordcloud - INFO - Could not place word 'duis' even at min font size 14. Skipping.
2026-01-16 00:29:08,324 - Wordcloud - INFO - Could not place word 'molestie' even at min font size 14. Skipping.
2026-01-16 00:29:08,324 - Wordcloud - INFO - Could not place word 'purus' even at min font size 14. Skipping.
2026-01-16 00:29:08,324 - Wordcloud - INFO - Could not place word 'congue' even at min font size 14. Skipping.
2026-01-16 00:29:08,324 - Wordcloud - INFO - Could not place word 'class' even at min font size 14. Skipping.
2026-01-16 00:29:08,324 - Wordcloud - INFO - Could not place word 'aptent' even at min font size 14. Skipping.
2026-01-16 00:29:08,324 - Wordcloud - INFO - Could not place word 'taciti' even at min font size 14. Skipping.
2026-01-16 00:29:08,324 - Wordcloud - INFO - Could not place word 'sociosqu' even at min font size 14. Skipping.
2026-01-16 00:29:08,324 - Wordcloud - INFO - Could not place word 'litora' even at min font size 14. Skipping.
2026-01-16 00:29:08,324 - Wordcloud - INFO - Could not place word 'torquent' even at min font size 14. Skipping.
2026-01-16 00:29:08,324 - Wordcloud - INFO - Could not place word 'conubia' even at min font size 14. Skipping.
2026-01-16 00:29:08,324 - Wordcloud - INFO - Could not place word 'nostra' even at min font size 14. Skipping.
2026-01-16 00:29:08,324 - Wordcloud - INFO - Could not place word 'inceptos' even at min font size 14. Skipping.
2026-01-16 00:29:08,324 - Wordcloud - INFO - Could not place word 'hymenaeos' even at min font size 14. Skipping.
2026-01-16 00:29:08,324 - Wordcloud - INFO - Could not place word 'odio' even at min font size 14. Skipping.
2026-01-16 00:29:08,324 - Wordcloud - INFO - Could not place word 'placerat' even at min font size 14. Skipping.
2026-01-16 00:29:08,324 - Wordcloud - INFO - Could not place word 'praesent' even at min font size 14. Skipping.
2026-01-16 00:29:08,324 - Wordcloud - INFO - Could not place word 'cursus' even at min font size 14. Skipping.
2026-01-16 00:29:08,324 - Wordcloud - INFO - Could not place word 'cras' even at min font size 14. Skipping.
2026-01-16 00:29:08,324 - Wordcloud - INFO - Could not place word 'neque' even at min font size 14. Skipping.
2026-01-16 00:29:08,324 - Wordcloud - INFO - Could not place word 'fringilla' even at min font size 14. Skipping.
2026-01-16 00:29:08,324 - Wordcloud - INFO - Could not place word 'donec' even at min font size 14. Skipping.
2026-01-16 00:29:08,324 - Wordcloud - INFO - Could not place word 'iaculis' even at min font size 14. Skipping.
2026-01-16 00:29:08,324 - Wordcloud - INFO - Could not place word 'egestas' even at min font size 14. Skipping.
2026-01-16 00:29:08,324 - Wordcloud - INFO - Could not place word 'ligula' even at min font size 14. Skipping.
2026-01-16 00:29:08,324 - Wordcloud - INFO - Could not place word 'facilisis' even at min font size 14. Skipping.
2026-01-16 00:29:08,324 - Wordcloud - INFO - Could not place word 'minima' even at min font size 14. Skipping.
2026-01-16 00:29:08,324 - Wordcloud - INFO - Could not place word 'nostrum' even at min font size 14. Skipping.
2026-01-16 00:29:08,324 - Wordcloud - INFO - Could not place word 'exercitationem' even at min font size 14. Skipping.
2026-01-16 00:29:08,324 - Wordcloud - INFO - Could not place word 'ullam' even at min font size 14. Skipping.
2026-01-16 00:29:08,324 - Wordcloud - INFO - Could not place word 'corporis' even at min font size 14. Skipping.
2026-01-16 00:29:08,324 - Wordcloud - INFO - Could not place word 'laboriosam' even at min font size 14. Skipping.
2026-01-16 00:29:08,324 - Wordcloud - INFO - Could not place word 'aliquid' even at min font size 14. Skipping.
2026-01-16 00:29:08,324 - Wordcloud - INFO - Could not place word 'commodi' even at min font size 14. Skipping.
2026-01-16 00:29:08,324 - Wordcloud - INFO - Could not place word 'consequatur' even at min font size 14. Skipping.
2026-01-16 00:29:08,324 - Wordcloud - INFO - Could not place word 'ultrices' even at min font size 14. Skipping.
2026-01-16 00:29:08,324 - Wordcloud - INFO - Could not place word 'nam' even at min font size 14. Skipping.
2026-01-16 00:29:08,324 - Wordcloud - INFO - Could not place word 'tempore' even at min font size 14. Skipping.
2026-01-16 00:29:08,324 - Wordcloud - INFO - Could not place word 'cum' even at min font size 14. Skipping.
2026-01-16 00:29:08,324 - Wordcloud - INFO - Could not place word 'soluta' even at min font size 14. Skipping.
2026-01-16 00:29:08,324 - Wordcloud - INFO - Could not place word 'nobis' even at min font size 14. Skipping.
2026-01-16 00:29:08,324 - Wordcloud - INFO - Could not place word 'eligendi' even at min font size 14. Skipping.
2026-01-16 00:29:08,324 - Wordcloud - INFO - Could not place word 'optio' even at min font size 14. Skipping.
2026-01-16 00:29:08,324 - Wordcloud - INFO - Could not place word 'cumque' even at min font size 14. Skipping.
2026-01-16 00:29:08,324 - Wordcloud - INFO - Could not place word 'nihil' even at min font size 14. Skipping.
2026-01-16 00:29:08,324 - Wordcloud - INFO - Could not place word 'impedit' even at min font size 14. Skipping.
2026-01-16 00:29:08,324 - Wordcloud - INFO - Could not place word 'quo' even at min font size 14. Skipping.
2026-01-16 00:29:08,324 - Wordcloud - INFO - Could not place word 'minus' even at min font size 14. Skipping.
2026-01-16 00:29:08,324 - Wordcloud - INFO - Could not place word 'quod' even at min font size 14. Skipping.
2026-01-16 00:29:08,324 - Wordcloud - INFO - Could not place word 'maxime' even at min font size 14. Skipping.
2026-01-16 00:29:08,324 - Wordcloud - INFO - Could not place word 'placeat' even at min font size 14. Skipping.
2026-01-16 00:29:08,324 - Wordcloud - INFO - Could not place word 'facere' even at min font size 14. Skipping.
2026-01-16 00:29:08,324 - Wordcloud - INFO - Could not place word 'possimus' even at min font size 14. Skipping.
2026-01-16 00:29:08,324 - Wordcloud - INFO - Could not place word 'voluptas' even at min font size 14. Skipping.
2026-01-16 00:29:08,324 - Wordcloud - INFO - Could not place word 'assumenda' even at min font size 14. Skipping.
2026-01-16 00:29:08,324 - Wordcloud - INFO - Could not place word 'repellendus' even at min font size 14. Skipping.
2026-01-16 00:29:08,324 - Wordcloud - INFO - Could not place word 'dictum' even at min font size 14. Skipping.
2026-01-16 00:29:08,324 - Wordcloud - INFO - Could not place word 'nunc' even at min font size 14. Skipping.
2026-01-16 00:29:08,324 - Wordcloud - INFO - Could not place word 'euismod' even at min font size 14. Skipping.
2026-01-16 00:29:08,324 - Wordcloud - INFO - Could not place word 'risus' even at min font size 14. Skipping.
2026-01-16 00:29:08,324 - Wordcloud - INFO - Successfully placed 63 words
2026-01-16 00:29:08,324 - Wordcloud - INFO - Wordcloud generation completed
2026-01-16 00:29:08,325 - wordcloud.utils.font_utils - INFO - FontCache initialized
2026-01-16 00:29:08,325 - wordcloud.utils.text_processing - INFO - TextProcessor initialized: min_word_length=3, max_words=200, language=None, stemming=False, lemmatization=False, n_gram_range=None
2026-01-16 00:29:08,325 - Wordcloud - INFO - Wordcloud initialized: 800x500, strategy='circular', max_words=200, performance_tracking=False
2026-01-16 00:29:08,326 - Wordcloud - INFO - Starting wordcloud generation
2026-01-16 00:29:08,326 - Wordcloud - INFO - Preparing text (length: 3967 characters)
2026-01-16 00:29:08,335 - Wordcloud - INFO - Prepared 192 words for wordcloud
2026-01-16 00:29:08,335 - Wordcloud - INFO - Finding positions for 192 words using strategy 'circular'
2026-01-16 00:29:08,336 - wordcloud.utils.integral_image - INFO - IntegralImage initialized: 800x500, tracing=False, mask=none
2026-01-16 00:29:08,486 - wordcloud.utils.integral_image - ERROR - Strategy 'circular' is not implemented
2026-01-16 00:29:08,486 - Wordcloud - ERROR - Could not load font /Users/janblaha/diplomka/wordcloud/wordcloud/fonts/Arial Unicode.ttf at size 80: Strategy 'circular' is not implemented.
2026-01-16 00:29:08,662 - wordcloud.utils.integral_image - ERROR - Strategy 'circular' is not implemented
2026-01-16 00:29:08,662 - Wordcloud - ERROR - Could not load font /Users/janblaha/diplomka/wordcloud/wordcloud/fonts/Arial Unicode.ttf at size 78: Strategy 'circular' is not implemented.
2026-01-16 00:29:08,839 - wordcloud.utils.integral_image - ERROR - Strategy 'circular' is not implemented
2026-01-16 00:29:08,839 - Wordcloud - ERROR - Could not load font /Users/janblaha/diplomka/wordcloud/wordcloud/fonts/Arial Unicode.ttf at size 76: Strategy 'circular' is not implemented.
2026-01-16 00:29:09,020 - wordcloud.utils.integral_image - ERROR - Strategy 'circular' is not implemented
2026-01-16 00:29:09,020 - Wordcloud - ERROR - Could not load font /Users/janblaha/diplomka/wordcloud/wordcloud/fonts/Arial Unicode.ttf at size 74: Strategy 'circular' is not implemented.
2026-01-16 00:29:09,203 - wordcloud.utils.integral_image - ERROR - Strategy 'circular' is not implemented
2026-01-16 00:29:09,203 - Wordcloud - ERROR - Could not load font /Users/janblaha/diplomka/wordcloud/wordcloud/fonts/Arial Unicode.ttf at size 72: Strategy 'circular' is not implemented.
2026-01-16 00:29:09,393 - wordcloud.utils.integral_image - ERROR - Strategy 'circular' is not implemented
2026-01-16 00:29:09,393 - Wordcloud - ERROR - Could not load font /Users/janblaha/diplomka/wordcloud/wordcloud/fonts/Arial Unicode.ttf at size 70: Strategy 'circular' is not implemented.
2026-01-16 00:29:09,578 - wordcloud.utils.integral_image - ERROR - Strategy 'circular' is not implemented
2026-01-16 00:29:09,578 - Wordcloud - ERROR - Could not load font /Users/janblaha/diplomka/wordcloud/wordcloud/fonts/Arial Unicode.ttf at size 68: Strategy 'circular' is not implemented.
2026-01-16 00:29:09,762 - wordcloud.utils.integral_image - ERROR - Strategy 'circular' is not implemented
2026-01-16 00:29:09,762 - Wordcloud - ERROR - Could not load font /Users/janblaha/diplomka/wordcloud/wordcloud/fonts/Arial Unicode.ttf at size 66: Strategy 'circular' is not implemented.
2026-01-16 00:29:09,947 - wordcloud.utils.integral_image - ERROR - Strategy 'circular' is not implemented
2026-01-16 00:29:09,947 - Wordcloud - ERROR - Could not load font /Users/janblaha/diplomka/wordcloud/wordcloud/fonts/Arial Unicode.ttf at size 64: Strategy 'circular' is not implemented.
2026-01-16 00:29:10,134 - wordcloud.utils.integral_image - ERROR - Strategy 'circular' is not implemented
2026-01-16 00:29:10,135 - Wordcloud - ERROR - Could not load font /Users/janblaha/diplomka/wordcloud/wordcloud/fonts/Arial Unicode.ttf at size 62: Strategy 'circular' is not implemented.
2026-01-16 00:29:10,327 - wordcloud.utils.integral_image - ERROR - Strategy 'circular' is not implemented
2026-01-16 00:29:10,327 - Wordcloud - ERROR - Could not load font /Users/janblaha/diplomka/wordcloud/wordcloud/fonts/Arial Unicode.ttf at size 60: Strategy 'circular' is not implemented.
2026-01-16 00:29:10,515 - wordcloud.utils.integral_image - ERROR - Strategy 'circular' is not implemented
2026-01-16 00:29:10,515 - Wordcloud - ERROR - Could not load font /Users/janblaha/diplomka/wordcloud/wordcloud/fonts/Arial Unicode.ttf at size 58: Strategy 'circular' is not implemented.
2026-01-16 00:29:10,705 - wordcloud.utils.integral_image - ERROR - Strategy 'circular' is not implemented
2026-01-16 00:29:10,705 - Wordcloud - ERROR - Could not load font /Users/janblaha/diplomka/wordcloud/wordcloud/fonts/Arial Unicode.ttf at size 56: Strategy 'circular' is not implemented.
2026-01-16 00:29:10,898 - wordcloud.utils.integral_image - ERROR - Strategy 'circular' is not implemented
2026-01-16 00:29:10,898 - Wordcloud - ERROR - Could not load font /Users/janblaha/diplomka/wordcloud/wordcloud/fonts/Arial Unicode.ttf at size 54: Strategy 'circular' is not implemented.
2026-01-16 00:29:11,093 - wordcloud.utils.integral_image - ERROR - Strategy 'circular' is not implemented
2026-01-16 00:29:11,093 - Wordcloud - ERROR - Could not load font /Users/janblaha/diplomka/wordcloud/wordcloud/fonts/Arial Unicode.ttf at size 52: Strategy 'circular' is not implemented.
2026-01-16 00:29:11,291 - wordcloud.utils.integral_image - ERROR - Strategy 'circular' is not implemented
2026-01-16 00:29:11,291 - Wordcloud - ERROR - Could not load font /Users/janblaha/diplomka/wordcloud/wordcloud/fonts/Arial Unicode.ttf at size 50: Strategy 'circular' is not implemented.
2026-01-16 00:29:11,486 - wordcloud.utils.integral_image - ERROR - Strategy 'circular' is not implemented
2026-01-16 00:29:11,486 - Wordcloud - ERROR - Could not load font /Users/janblaha/diplomka/wordcloud/wordcloud/fonts/Arial Unicode.ttf at size 48: Strategy 'circular' is not implemented.
2026-01-16 00:29:11,689 - wordcloud.utils.integral_image - ERROR - Strategy 'circular' is not implemented
2026-01-16 00:29:11,689 - Wordcloud - ERROR - Could not load font /Users/janblaha/diplomka/wordcloud/wordcloud/fonts/Arial Unicode.ttf at size 46: Strategy 'circular' is not implemented.
2026-01-16 00:29:11,891 - wordcloud.utils.integral_image - ERROR - Strategy 'circular' is not implemented
2026-01-16 00:29:11,891 - Wordcloud - ERROR - Could not load font /Users/janblaha/diplomka/wordcloud/wordcloud/fonts/Arial Unicode.ttf at size 44: Strategy 'circular' is not implemented.
2026-01-16 00:29:12,103 - wordcloud.utils.integral_image - ERROR - Strategy 'circular' is not implemented
2026-01-16 00:29:12,103 - Wordcloud - ERROR - Could not load font /Users/janblaha/diplomka/wordcloud/wordcloud/fonts/Arial Unicode.ttf at size 42: Strategy 'circular' is not implemented.
2026-01-16 00:29:12,307 - wordcloud.utils.integral_image - ERROR - Strategy 'circular' is not implemented
2026-01-16 00:29:12,307 - Wordcloud - ERROR - Could not load font /Users/janblaha/diplomka/wordcloud/wordcloud/fonts/Arial Unicode.ttf at size 40: Strategy 'circular' is not implemented.
2026-01-16 00:29:12,512 - wordcloud.utils.integral_image - ERROR - Strategy 'circular' is not implemented
2026-01-16 00:29:12,512 - Wordcloud - ERROR - Could not load font /Users/janblaha/diplomka/wordcloud/wordcloud/fonts/Arial Unicode.ttf at size 38: Strategy 'circular' is not implemented.
2026-01-16 00:29:12,719 - wordcloud.utils.integral_image - ERROR - Strategy 'circular' is not implemented
2026-01-16 00:29:12,719 - Wordcloud - ERROR - Could not load font /Users/janblaha/diplomka/wordcloud/wordcloud/fonts/Arial Unicode.ttf at size 36: Strategy 'circular' is not implemented.
2026-01-16 00:29:12,928 - wordcloud.utils.integral_image - ERROR - Strategy 'circular' is not implemented
2026-01-16 00:29:12,928 - Wordcloud - ERROR - Could not load font /Users/janblaha/diplomka/wordcloud/wordcloud/fonts/Arial Unicode.ttf at size 34: Strategy 'circular' is not implemented.
2026-01-16 00:29:13,136 - wordcloud.utils.integral_image - ERROR - Strategy 'circular' is not implemented
2026-01-16 00:29:13,136 - Wordcloud - ERROR - Could not load font /Users/janblaha/diplomka/wordcloud/wordcloud/fonts/Arial Unicode.ttf at size 32: Strategy 'circular' is not implemented.
2026-01-16 00:29:13,347 - wordcloud.utils.integral_image - ERROR - Strategy 'circular' is not implemented
2026-01-16 00:29:13,347 - Wordcloud - ERROR - Could not load font /Users/janblaha/diplomka/wordcloud/wordcloud/fonts/Arial Unicode.ttf at size 30: Strategy 'circular' is not implemented.
2026-01-16 00:29:13,557 - wordcloud.utils.integral_image - ERROR - Strategy 'circular' is not implemented
2026-01-16 00:29:13,557 - Wordcloud - ERROR - Could not load font /Users/janblaha/diplomka/wordcloud/wordcloud/fonts/Arial Unicode.ttf at size 28: Strategy 'circular' is not implemented.
2026-01-16 00:29:13,772 - wordcloud.utils.integral_image - ERROR - Strategy 'circular' is not implemented
2026-01-16 00:29:13,772 - Wordcloud - ERROR - Could not load font /Users/janblaha/diplomka/wordcloud/wordcloud/fonts/Arial Unicode.ttf at size 26: Strategy 'circular' is not implemented.
2026-01-16 00:29:13,991 - wordcloud.utils.integral_image - ERROR - Strategy 'circular' is not implemented
2026-01-16 00:29:13,991 - Wordcloud - ERROR - Could not load font /Users/janblaha/diplomka/wordcloud/wordcloud/fonts/Arial Unicode.ttf at size 24: Strategy 'circular' is not implemented.
2026-01-16 00:29:14,209 - wordcloud.utils.integral_image - ERROR - Strategy 'circular' is not implemented
2026-01-16 00:29:14,210 - Wordcloud - ERROR - Could not load font /Users/janblaha/diplomka/wordcloud/wordcloud/fonts/Arial Unicode.ttf at size 22: Strategy 'circular' is not implemented.
2026-01-16 00:29:14,429 - wordcloud.utils.integral_image - ERROR - Strategy 'circular' is not implemented
2026-01-16 00:29:14,429 - Wordcloud - ERROR - Could not load font /Users/janblaha/diplomka/wordcloud/wordcloud/fonts/Arial Unicode.ttf at size 20: Strategy 'circular' is not implemented.
2026-01-16 00:29:14,659 - wordcloud.utils.integral_image - ERROR - Strategy 'circular' is not implemented
2026-01-16 00:29:14,659 - Wordcloud - ERROR - Could not load font /Users/janblaha/diplomka/wordcloud/wordcloud/fonts/Arial Unicode.ttf at size 18: Strategy 'circular' is not implemented.
2026-01-16 00:29:14,893 - wordcloud.utils.integral_image - ERROR - Strategy 'circular' is not implemented
2026-01-16 00:29:14,893 - Wordcloud - ERROR - Could not load font /Users/janblaha/diplomka/wordcloud/wordcloud/fonts/Arial Unicode.ttf at size 16: Strategy 'circular' is not implemented.
2026-01-16 00:29:15,116 - wordcloud.utils.integral_image - ERROR - Strategy 'circular' is not implemented
2026-01-16 00:29:15,116 - Wordcloud - ERROR - Could not load font /Users/janblaha/diplomka/wordcloud/wordcloud/fonts/Arial Unicode.ttf at size 14: Strategy 'circular' is not implemented.
2026-01-16 00:29:15,142 - Wordcloud - INFO - Could not place word 'erat' even at min font size 14. Skipping.
2026-01-16 00:29:15,142 - Wordcloud - INFO - Could not place word 'nulla' even at min font size 14. Skipping.
2026-01-16 00:29:15,142 - Wordcloud - INFO - Could not place word 'sit' even at min font size 14. Skipping.
2026-01-16 00:29:15,142 - Wordcloud - INFO - Could not place word 'non' even at min font size 14. Skipping.
2026-01-16 00:29:15,142 - Wordcloud - INFO - Could not place word 'amet' even at min font size 14. Skipping.
2026-01-16 00:29:15,142 - Wordcloud - INFO - Could not place word 'leo' even at min font size 14. Skipping.
2026-01-16 00:29:15,142 - Wordcloud - INFO - Could not place word 'aliquam' even at min font size 14. Skipping.
2026-01-16 00:29:15,142 - Wordcloud - INFO - Could not place word 'vitae' even at min font size 14. Skipping.
2026-01-16 00:29:15,142 - Wordcloud - INFO - Could not place word 'vestibulum' even at min font size 14. Skipping.
2026-01-16 00:29:15,142 - Wordcloud - INFO - Could not place word 'elit' even at min font size 14. Skipping.
2026-01-16 00:29:15,142 - Wordcloud - INFO - Could not place word 'enim' even at min font size 14. Skipping.
2026-01-16 00:29:15,142 - Wordcloud - INFO - Could not place word 'suscipit' even at min font size 14. Skipping.
2026-01-16 00:29:15,142 - Wordcloud - INFO - Could not place word 'vel' even at min font size 14. Skipping.
2026-01-16 00:29:15,142 - Wordcloud - INFO - Could not place word 'quis' even at min font size 14. Skipping.
2026-01-16 00:29:15,142 - Wordcloud - INFO - Could not place word 'fermentum' even at min font size 14. Skipping.
2026-01-16 00:29:15,142 - Wordcloud - INFO - Could not place word 'sem' even at min font size 14. Skipping.
2026-01-16 00:29:15,142 - Wordcloud - INFO - Could not place word 'rutrum' even at min font size 14. Skipping.
2026-01-16 00:29:15,142 - Wordcloud - INFO - Could not place word 'sapien' even at min font size 14. Skipping.
2026-01-16 00:29:15,142 - Wordcloud - INFO - Could not place word 'mauris' even at min font size 14. Skipping.
2026-01-16 00:29:15,142 - Wordcloud - INFO - Could not place word 'ipsum' even at min font size 14. Skipping.
2026-01-16 00:29:15,142 - Wordcloud - INFO - Could not place word 'dolor' even at min font size 14. Skipping.
2026-01-16 00:29:15,142 - Wordcloud - INFO - Could not place word 'nonummy' even at min font size 14. Skipping.
2026-01-16 00:29:15,142 - Wordcloud - INFO - Could not place word 'malesuada' even at min font size 14. Skipping.
2026-01-16 00:29:15,142 - Wordcloud - INFO - Could not place word 'fusce' even at min font size 14. Skipping.
2026-01-16 00:29:15,142 - Wordcloud - INFO - Could not place word 'dui' even at min font size 14. Skipping.
2026-01-16 00:29:15,142 - Wordcloud - INFO - Could not place word 'velit' even at min font size 14. Skipping.
2026-01-16 00:29:15,142 - Wordcloud - INFO - Could not place word 'nullam' even at min font size 14. Skipping.
2026-01-16 00:29:15,142 - Wordcloud - INFO - Could not place word 'sed' even at min font size 14. Skipping.
2026-01-16 00:29:15,142 - Wordcloud - INFO - Could not place word 'nec' even at min font size 14. Skipping.
2026-01-16 00:29:15,143 - Wordcloud - INFO - Could not place word 'dapibus' even at min font size 14. Skipping.
2026-01-16 00:29:15,143 - Wordcloud - INFO - Could not place word 'lorem' even at min font size 14. Skipping.
2026-01-16 00:29:15,143 - Wordcloud - INFO - Could not place word 'vivamus' even at min font size 14. Skipping.
2026-01-16 00:29:15,143 - Wordcloud - INFO - Could not place word 'integer' even at min font size 14. Skipping.
2026-01-16 00:29:15,143 - Wordcloud - INFO - Could not place word 'consequat' even at min font size 14. Skipping.
2026-01-16 00:29:15,143 - Wordcloud - INFO - Could not place word 'arcu' even at min font size 14. Skipping.
2026-01-16 00:29:15,143 - Wordcloud - INFO - Could not place word 'volutpat' even at min font size 14. Skipping.
2026-01-16 00:29:15,143 - Wordcloud - INFO - Could not place word 'est' even at min font size 14. Skipping.
2026-01-16 00:29:15,143 - Wordcloud - INFO - Could not place word 'diam' even at min font size 14. Skipping.
2026-01-16 00:29:15,143 - Wordcloud - INFO - Could not place word 'omnis' even at min font size 14. Skipping.
2026-01-16 00:29:15,143 - Wordcloud - INFO - Could not place word 'maecenas' even at min font size 14. Skipping.
2026-01-16 00:29:15,143 - Wordcloud - INFO - Could not place word 'aenean' even at min font size 14. Skipping.
2026-01-16 00:29:15,143 - Wordcloud - INFO - Could not place word 'sagittis' even at min font size 14. Skipping.
2026-01-16 00:29:15,143 - Wordcloud - INFO - Could not place word 'quam' even at min font size 14. Skipping.
2026-01-16 00:29:15,143 - Wordcloud - INFO - Could not place word 'accumsan' even at min font size 14. Skipping.
2026-01-16 00:29:15,143 - Wordcloud - INFO - Could not place word 'tempor' even at min font size 14. Skipping.
2026-01-16 00:29:15,143 - Wordcloud - INFO - Could not place word 'ullamcorper' even at min font size 14. Skipping.
2026-01-16 00:29:15,143 - Wordcloud - INFO - Could not place word 'libero' even at min font size 14. Skipping.
2026-01-16 00:29:15,143 - Wordcloud - INFO - Could not place word 'consectetuer' even at min font size 14. Skipping.
2026-01-16 00:29:15,143 - Wordcloud - INFO - Could not place word 'eget' even at min font size 14. Skipping.
2026-01-16 00:29:15,143 - Wordcloud - INFO - Could not place word 'porttitor' even at min font size 14. Skipping.
2026-01-16 00:29:15,143 - Wordcloud - INFO - Could not place word 'turpis' even at min font size 14. Skipping.
2026-01-16 00:29:15,143 - Wordcloud - INFO - Could not place word 'orci' even at min font size 14. Skipping.
2026-01-16 00:29:15,143 - Wordcloud - INFO - Could not place word 'luctus' even at min font size 14. Skipping.
2026-01-16 00:29:15,143 - Wordcloud - INFO - Could not place word 'pellentesque' even at min font size 14. Skipping.
2026-01-16 00:29:15,143 - Wordcloud - INFO - Could not place word 'faucibus' even at min font size 14. Skipping.
2026-01-16 00:29:15,143 - Wordcloud - INFO - Could not place word 'interdum' even at min font size 14. Skipping.
2026-01-16 00:29:15,143 - Wordcloud - INFO - Could not place word 'phasellus' even at min font size 14. Skipping.
2026-01-16 00:29:15,143 - Wordcloud - INFO - Could not place word 'magna' even at min font size 14. Skipping.
2026-01-16 00:29:15,143 - Wordcloud - INFO - Could not place word 'vehicula' even at min font size 14. Skipping.
2026-01-16 00:29:15,143 - Wordcloud - INFO - Could not place word 'tortor' even at min font size 14. Skipping.
2026-01-16 00:29:15,143 - Wordcloud - INFO - Could not place word 'ante' even at min font size 14. Skipping.
2026-01-16 00:29:15,143 - Wordcloud - INFO - Could not place word 'etiam' even at min font size 14. Skipping.
2026-01-16 00:29:15,143 - Wordcloud - INFO - Could not place word 'lacinia' even at min font size 14. Skipping.
2026-01-16 00:29:15,143 - Wordcloud - INFO - Could not place word 'adipiscing' even at min font size 14. Skipping.
2026-01-16 00:29:15,143 - Wordcloud - INFO - Could not place word 'morbi' even at min font size 14. Skipping.
2026-01-16 00:29:15,143 - Wordcloud - INFO - Could not place word 'tristique' even at min font size 14. Skipping.
2026-01-16 00:29:15,143 - Wordcloud - INFO - Could not place word 'rhoncus' even at min font size 14. Skipping.
2026-01-16 00:29:15,143 - Wordcloud - INFO - Could not place word 'vulputate' even at min font size 14. Skipping.
2026-01-16 00:29:15,143 - Wordcloud - INFO - Could not place word 'nibh' even at min font size 14. Skipping.
2026-01-16 00:29:15,143 - Wordcloud - INFO - Could not place word 'imperdiet' even at min font size 14. Skipping.
2026-01-16 00:29:15,143 - Wordcloud - INFO - Could not place word 'commodo' even at min font size 14. Skipping.
2026-01-16 00:29:15,143 - Wordcloud - INFO - Could not place word 'suspendisse' even at min font size 14. Skipping.
2026-01-16 00:29:15,143 - Wordcloud - INFO - Could not place word 'wisi' even at min font size 14. Skipping.
2026-01-16 00:29:15,143 - Wordcloud - INFO - Could not place word 'lobortis' even at min font size 14. Skipping.
2026-01-16 00:29:15,143 - Wordcloud - INFO - Could not place word 'posuere' even at min font size 14. Skipping.
2026-01-16 00:29:15,143 - Wordcloud - INFO - Could not place word 'gravida' even at min font size 14. Skipping.
2026-01-16 00:29:15,143 - Wordcloud - INFO - Could not place word 'perspiciatis' even at min font size 14. Skipping.
2026-01-16 00:29:15,143 - Wordcloud - INFO - Could not place word 'unde' even at min font size 14. Skipping.
2026-01-16 00:29:15,143 - Wordcloud - INFO - Could not place word 'iste' even at min font size 14. Skipping.
2026-01-16 00:29:15,143 - Wordcloud - INFO - Could not place word 'natus' even at min font size 14. Skipping.
2026-01-16 00:29:15,143 - Wordcloud - INFO - Could not place word 'error' even at min font size 14. Skipping.
2026-01-16 00:29:15,143 - Wordcloud - INFO - Could not place word 'voluptatem' even at min font size 14. Skipping.
2026-01-16 00:29:15,143 - Wordcloud - INFO - Could not place word 'accusantium' even at min font size 14. Skipping.
2026-01-16 00:29:15,143 - Wordcloud - INFO - Could not place word 'doloremque' even at min font size 14. Skipping.
2026-01-16 00:29:15,143 - Wordcloud - INFO - Could not place word 'laudantium' even at min font size 14. Skipping.
2026-01-16 00:29:15,143 - Wordcloud - INFO - Could not place word 'totam' even at min font size 14. Skipping.
2026-01-16 00:29:15,143 - Wordcloud - INFO - Could not place word 'rem' even at min font size 14. Skipping.
2026-01-16 00:29:15,143 - Wordcloud - INFO - Could not place word 'aperiam' even at min font size 14. Skipping.
2026-01-16 00:29:15,143 - Wordcloud - INFO - Could not place word 'eaque' even at min font size 14. Skipping.
2026-01-16 00:29:15,143 - Wordcloud - INFO - Could not place word 'ipsa' even at min font size 14. Skipping.
2026-01-16 00:29:15,143 - Wordcloud - INFO - Could not place word 'quae' even at min font size 14. Skipping.
2026-01-16 00:29:15,143 - Wordcloud - INFO - Could not place word 'illo' even at min font size 14. Skipping.
2026-01-16 00:29:15,143 - Wordcloud - INFO - Could not place word 'inventore' even at min font size 14. Skipping.
2026-01-16 00:29:15,143 - Wordcloud - INFO - Could not place word 'veritatis' even at min font size 14. Skipping.
2026-01-16 00:29:15,143 - Wordcloud - INFO - Could not place word 'quasi' even at min font size 14. Skipping.
2026-01-16 00:29:15,143 - Wordcloud - INFO - Could not place word 'architecto' even at min font size 14. Skipping.
2026-01-16 00:29:15,143 - Wordcloud - INFO - Could not place word 'beatae' even at min font size 14. Skipping.
2026-01-16 00:29:15,143 - Wordcloud - INFO - Could not place word 'dicta' even at min font size 14. Skipping.
2026-01-16 00:29:15,143 - Wordcloud - INFO - Could not place word 'sunt' even at min font size 14. Skipping.
2026-01-16 00:29:15,143 - Wordcloud - INFO - Could not place word 'explicabo' even at min font size 14. Skipping.
2026-01-16 00:29:15,143 - Wordcloud - INFO - Could not place word 'veniam' even at min font size 14. Skipping.
2026-01-16 00:29:15,143 - Wordcloud - INFO - Could not place word 'nisi' even at min font size 14. Skipping.
2026-01-16 00:29:15,143 - Wordcloud - INFO - Could not place word 'venenatis' even at min font size 14. Skipping.
2026-01-16 00:29:15,143 - Wordcloud - INFO - Could not place word 'tincidunt' even at min font size 14. Skipping.
2026-01-16 00:29:15,143 - Wordcloud - INFO - Could not place word 'pede' even at min font size 14. Skipping.
2026-01-16 00:29:15,143 - Wordcloud - INFO - Could not place word 'per' even at min font size 14. Skipping.
2026-01-16 00:29:15,143 - Wordcloud - INFO - Could not place word 'metus' even at min font size 14. Skipping.
2026-01-16 00:29:15,143 - Wordcloud - INFO - Could not place word 'tellus' even at min font size 14. Skipping.
2026-01-16 00:29:15,143 - Wordcloud - INFO - Could not place word 'felis' even at min font size 14. Skipping.
2026-01-16 00:29:15,143 - Wordcloud - INFO - Could not place word 'varius' even at min font size 14. Skipping.
2026-01-16 00:29:15,143 - Wordcloud - INFO - Could not place word 'semper' even at min font size 14. Skipping.
2026-01-16 00:29:15,143 - Wordcloud - INFO - Could not place word 'mollis' even at min font size 14. Skipping.
2026-01-16 00:29:15,143 - Wordcloud - INFO - Could not place word 'curabitur' even at min font size 14. Skipping.
2026-01-16 00:29:15,143 - Wordcloud - INFO - Could not place word 'pretium' even at min font size 14. Skipping.
2026-01-16 00:29:15,143 - Wordcloud - INFO - Could not place word 'pulvinar' even at min font size 14. Skipping.
2026-01-16 00:29:15,144 - Wordcloud - INFO - Could not place word 'massa' even at min font size 14. Skipping.
2026-01-16 00:29:15,144 - Wordcloud - INFO - Could not place word 'augue' even at min font size 14. Skipping.
2026-01-16 00:29:15,144 - Wordcloud - INFO - Could not place word 'sollicitudin' even at min font size 14. Skipping.
2026-01-16 00:29:15,144 - Wordcloud - INFO - Could not place word 'quisque' even at min font size 14. Skipping.
2026-01-16 00:29:15,144 - Wordcloud - INFO - Could not place word 'porta' even at min font size 14. Skipping.
2026-01-16 00:29:15,144 - Wordcloud - INFO - Could not place word 'justo' even at min font size 14. Skipping.
2026-01-16 00:29:15,144 - Wordcloud - INFO - Could not place word 'pharetra' even at min font size 14. Skipping.
2026-01-16 00:29:15,144 - Wordcloud - INFO - Could not place word 'feugiat' even at min font size 14. Skipping.
2026-01-16 00:29:15,144 - Wordcloud - INFO - Could not place word 'scelerisque' even at min font size 14. Skipping.
2026-01-16 00:29:15,144 - Wordcloud - INFO - Could not place word 'nisl' even at min font size 14. Skipping.
2026-01-16 00:29:15,144 - Wordcloud - INFO - Could not place word 'ornare' even at min font size 14. Skipping.
2026-01-16 00:29:15,144 - Wordcloud - INFO - Could not place word 'minim' even at min font size 14. Skipping.
2026-01-16 00:29:15,144 - Wordcloud - INFO - Could not place word 'nostrud' even at min font size 14. Skipping.
2026-01-16 00:29:15,144 - Wordcloud - INFO - Could not place word 'exercitation' even at min font size 14. Skipping.
2026-01-16 00:29:15,144 - Wordcloud - INFO - Could not place word 'ullamco' even at min font size 14. Skipping.
2026-01-16 00:29:15,144 - Wordcloud - INFO - Could not place word 'laboris' even at min font size 14. Skipping.
2026-01-16 00:29:15,144 - Wordcloud - INFO - Could not place word 'aliquip' even at min font size 14. Skipping.
2026-01-16 00:29:15,144 - Wordcloud - INFO - Could not place word 'duis' even at min font size 14. Skipping.
2026-01-16 00:29:15,144 - Wordcloud - INFO - Could not place word 'molestie' even at min font size 14. Skipping.
2026-01-16 00:29:15,144 - Wordcloud - INFO - Could not place word 'purus' even at min font size 14. Skipping.
2026-01-16 00:29:15,144 - Wordcloud - INFO - Could not place word 'congue' even at min font size 14. Skipping.
2026-01-16 00:29:15,144 - Wordcloud - INFO - Could not place word 'class' even at min font size 14. Skipping.
2026-01-16 00:29:15,144 - Wordcloud - INFO - Could not place word 'aptent' even at min font size 14. Skipping.
2026-01-16 00:29:15,144 - Wordcloud - INFO - Could not place word 'taciti' even at min font size 14. Skipping.
2026-01-16 00:29:15,144 - Wordcloud - INFO - Could not place word 'sociosqu' even at min font size 14. Skipping.
2026-01-16 00:29:15,144 - Wordcloud - INFO - Could not place word 'litora' even at min font size 14. Skipping.
2026-01-16 00:29:15,144 - Wordcloud - INFO - Could not place word 'torquent' even at min font size 14. Skipping.
2026-01-16 00:29:15,144 - Wordcloud - INFO - Could not place word 'conubia' even at min font size 14. Skipping.
2026-01-16 00:29:15,144 - Wordcloud - INFO - Could not place word 'nostra' even at min font size 14. Skipping.
2026-01-16 00:29:15,144 - Wordcloud - INFO - Could not place word 'inceptos' even at min font size 14. Skipping.
2026-01-16 00:29:15,144 - Wordcloud - INFO - Could not place word 'hymenaeos' even at min font size 14. Skipping.
2026-01-16 00:29:15,144 - Wordcloud - INFO - Could not place word 'odio' even at min font size 14. Skipping.
2026-01-16 00:29:15,144 - Wordcloud - INFO - Could not place word 'placerat' even at min font size 14. Skipping.
2026-01-16 00:29:15,144 - Wordcloud - INFO - Could not place word 'praesent' even at min font size 14. Skipping.
2026-01-16 00:29:15,144 - Wordcloud - INFO - Could not place word 'cursus' even at min font size 14. Skipping.
2026-01-16 00:29:15,144 - Wordcloud - INFO - Could not place word 'cras' even at min font size 14. Skipping.
2026-01-16 00:29:15,144 - Wordcloud - INFO - Could not place word 'neque' even at min font size 14. Skipping.
2026-01-16 00:29:15,144 - Wordcloud - INFO - Could not place word 'fringilla' even at min font size 14. Skipping.
2026-01-16 00:29:15,144 - Wordcloud - INFO - Could not place word 'donec' even at min font size 14. Skipping.
2026-01-16 00:29:15,144 - Wordcloud - INFO - Could not place word 'iaculis' even at min font size 14. Skipping.
2026-01-16 00:29:15,144 - Wordcloud - INFO - Could not place word 'egestas' even at min font size 14. Skipping.
2026-01-16 00:29:15,144 - Wordcloud - INFO - Could not place word 'ligula' even at min font size 14. Skipping.
2026-01-16 00:29:15,144 - Wordcloud - INFO - Could not place word 'facilisis' even at min font size 14. Skipping.
2026-01-16 00:29:15,144 - Wordcloud - INFO - Could not place word 'minima' even at min font size 14. Skipping.
2026-01-16 00:29:15,144 - Wordcloud - INFO - Could not place word 'nostrum' even at min font size 14. Skipping.
2026-01-16 00:29:15,144 - Wordcloud - INFO - Could not place word 'exercitationem' even at min font size 14. Skipping.
2026-01-16 00:29:15,144 - Wordcloud - INFO - Could not place word 'ullam' even at min font size 14. Skipping.
2026-01-16 00:29:15,144 - Wordcloud - INFO - Could not place word 'corporis' even at min font size 14. Skipping.
2026-01-16 00:29:15,144 - Wordcloud - INFO - Could not place word 'laboriosam' even at min font size 14. Skipping.
2026-01-16 00:29:15,144 - Wordcloud - INFO - Could not place word 'aliquid' even at min font size 14. Skipping.
2026-01-16 00:29:15,144 - Wordcloud - INFO - Could not place word 'commodi' even at min font size 14. Skipping.
2026-01-16 00:29:15,144 - Wordcloud - INFO - Could not place word 'consequatur' even at min font size 14. Skipping.
2026-01-16 00:29:15,144 - Wordcloud - INFO - Could not place word 'ultrices' even at min font size 14. Skipping.
2026-01-16 00:29:15,144 - Wordcloud - INFO - Could not place word 'nam' even at min font size 14. Skipping.
2026-01-16 00:29:15,144 - Wordcloud - INFO - Could not place word 'tempore' even at min font size 14. Skipping.
2026-01-16 00:29:15,144 - Wordcloud - INFO - Could not place word 'cum' even at min font size 14. Skipping.
2026-01-16 00:29:15,144 - Wordcloud - INFO - Could not place word 'soluta' even at min font size 14. Skipping.
2026-01-16 00:29:15,144 - Wordcloud - INFO - Could not place word 'nobis' even at min font size 14. Skipping.
2026-01-16 00:29:15,144 - Wordcloud - INFO - Could not place word 'eligendi' even at min font size 14. Skipping.
2026-01-16 00:29:15,144 - Wordcloud - INFO - Could not place word 'optio' even at min font size 14. Skipping.
2026-01-16 00:29:15,144 - Wordcloud - INFO - Could not place word 'cumque' even at min font size 14. Skipping.
2026-01-16 00:29:15,144 - Wordcloud - INFO - Could not place word 'nihil' even at min font size 14. Skipping.
2026-01-16 00:29:15,144 - Wordcloud - INFO - Could not place word 'impedit' even at min font size 14. Skipping.
2026-01-16 00:29:15,144 - Wordcloud - INFO - Could not place word 'quo' even at min font size 14. Skipping.
2026-01-16 00:29:15,144 - Wordcloud - INFO - Could not place word 'minus' even at min font size 14. Skipping.
2026-01-16 00:29:15,144 - Wordcloud - INFO - Could not place word 'quod' even at min font size 14. Skipping.
2026-01-16 00:29:15,144 - Wordcloud - INFO - Could not place word 'maxime' even at min font size 14. Skipping.
2026-01-16 00:29:15,144 - Wordcloud - INFO - Could not place word 'placeat' even at min font size 14. Skipping.
2026-01-16 00:29:15,144 - Wordcloud - INFO - Could not place word 'facere' even at min font size 14. Skipping.
2026-01-16 00:29:15,144 - Wordcloud - INFO - Could not place word 'possimus' even at min font size 14. Skipping.
2026-01-16 00:29:15,144 - Wordcloud - INFO - Could not place word 'voluptas' even at min font size 14. Skipping.
2026-01-16 00:29:15,144 - Wordcloud - INFO - Could not place word 'assumenda' even at min font size 14. Skipping.
2026-01-16 00:29:15,144 - Wordcloud - INFO - Could not place word 'repellendus' even at min font size 14. Skipping.
2026-01-16 00:29:15,144 - Wordcloud - INFO - Could not place word 'dictum' even at min font size 14. Skipping.
2026-01-16 00:29:15,144 - Wordcloud - INFO - Could not place word 'nunc' even at min font size 14. Skipping.
2026-01-16 00:29:15,144 - Wordcloud - INFO - Could not place word 'euismod' even at min font size 14. Skipping.
2026-01-16 00:29:15,144 - Wordcloud - INFO - Could not place word 'risus' even at min font size 14. Skipping.
2026-01-16 00:29:15,144 - Wordcloud - INFO - Successfully placed 0 words
2026-01-16 00:29:15,145 - Wordcloud - INFO - Wordcloud generation completed
2026-01-16 00:29:15,145 - wordcloud.utils.font_utils - INFO - FontCache initialized
2026-01-16 00:29:15,145 - wordcloud.utils.text_processing - INFO - TextProcessor initialized: min_word_length=3, max_words=200, language=None, stemming=False, lemmatization=False, n_gram_range=None
2026-01-16 00:29:15,145 - Wordcloud - INFO - Wordcloud initialized: 800x500, strategy='hierarchical', max_words=200, performance_tracking=False
2026-01-16 00:29:15,147 - Wordcloud - INFO - Starting wordcloud generation
2026-01-16 00:29:15,147 - Wordcloud - INFO - Preparing text (length: 3967 characters)
2026-01-16 00:29:15,155 - Wordcloud - INFO - Prepared 192 words for wordcloud
2026-01-16 00:29:15,155 - Wordcloud - INFO - Finding positions for 192 words using strategy 'hierarchical'
2026-01-16 00:29:15,155 - wordcloud.utils.integral_image - INFO - IntegralImage initialized: 800x500, tracing=False, mask=none
2026-01-16 00:29:15,307 - wordcloud.utils.integral_image - ERROR - Strategy 'hierarchical' is not implemented
2026-01-16 00:29:15,307 - Wordcloud - ERROR - Could not load font /Users/janblaha/diplomka/wordcloud/wordcloud/fonts/Arial Unicode.ttf at size 80: Strategy 'hierarchical' is not implemented.
2026-01-16 00:29:15,482 - wordcloud.utils.integral_image - ERROR - Strategy 'hierarchical' is not implemented
2026-01-16 00:29:15,482 - Wordcloud - ERROR - Could not load font /Users/janblaha/diplomka/wordcloud/wordcloud/fonts/Arial Unicode.ttf at size 78: Strategy 'hierarchical' is not implemented.
2026-01-16 00:29:15,658 - wordcloud.utils.integral_image - ERROR - Strategy 'hierarchical' is not implemented
2026-01-16 00:29:15,658 - Wordcloud - ERROR - Could not load font /Users/janblaha/diplomka/wordcloud/wordcloud/fonts/Arial Unicode.ttf at size 76: Strategy 'hierarchical' is not implemented.
2026-01-16 00:29:15,837 - wordcloud.utils.integral_image - ERROR - Strategy 'hierarchical' is not implemented
2026-01-16 00:29:15,838 - Wordcloud - ERROR - Could not load font /Users/janblaha/diplomka/wordcloud/wordcloud/fonts/Arial Unicode.ttf at size 74: Strategy 'hierarchical' is not implemented.
2026-01-16 00:29:16,018 - wordcloud.utils.integral_image - ERROR - Strategy 'hierarchical' is not implemented
2026-01-16 00:29:16,018 - Wordcloud - ERROR - Could not load font /Users/janblaha/diplomka/wordcloud/wordcloud/fonts/Arial Unicode.ttf at size 72: Strategy 'hierarchical' is not implemented.
2026-01-16 00:29:16,269 - wordcloud.utils.integral_image - ERROR - Strategy 'hierarchical' is not implemented
2026-01-16 00:29:16,269 - Wordcloud - ERROR - Could not load font /Users/janblaha/diplomka/wordcloud/wordcloud/fonts/Arial Unicode.ttf at size 70: Strategy 'hierarchical' is not implemented.
2026-01-16 00:29:16,454 - wordcloud.utils.integral_image - ERROR - Strategy 'hierarchical' is not implemented
2026-01-16 00:29:16,454 - Wordcloud - ERROR - Could not load font /Users/janblaha/diplomka/wordcloud/wordcloud/fonts/Arial Unicode.ttf at size 68: Strategy 'hierarchical' is not implemented.
2026-01-16 00:29:16,652 - wordcloud.utils.integral_image - ERROR - Strategy 'hierarchical' is not implemented
2026-01-16 00:29:16,652 - Wordcloud - ERROR - Could not load font /Users/janblaha/diplomka/wordcloud/wordcloud/fonts/Arial Unicode.ttf at size 66: Strategy 'hierarchical' is not implemented.
2026-01-16 00:29:16,859 - wordcloud.utils.integral_image - ERROR - Strategy 'hierarchical' is not implemented
2026-01-16 00:29:16,859 - Wordcloud - ERROR - Could not load font /Users/janblaha/diplomka/wordcloud/wordcloud/fonts/Arial Unicode.ttf at size 64: Strategy 'hierarchical' is not implemented.
2026-01-16 00:29:17,050 - wordcloud.utils.integral_image - ERROR - Strategy 'hierarchical' is not implemented
2026-01-16 00:29:17,050 - Wordcloud - ERROR - Could not load font /Users/janblaha/diplomka/wordcloud/wordcloud/fonts/Arial Unicode.ttf at size 62: Strategy 'hierarchical' is not implemented.
2026-01-16 00:29:17,244 - wordcloud.utils.integral_image - ERROR - Strategy 'hierarchical' is not implemented
2026-01-16 00:29:17,244 - Wordcloud - ERROR - Could not load font /Users/janblaha/diplomka/wordcloud/wordcloud/fonts/Arial Unicode.ttf at size 60: Strategy 'hierarchical' is not implemented.
2026-01-16 00:29:17,434 - wordcloud.utils.integral_image - ERROR - Strategy 'hierarchical' is not implemented
2026-01-16 00:29:17,434 - Wordcloud - ERROR - Could not load font /Users/janblaha/diplomka/wordcloud/wordcloud/fonts/Arial Unicode.ttf at size 58: Strategy 'hierarchical' is not implemented.
2026-01-16 00:29:17,626 - wordcloud.utils.integral_image - ERROR - Strategy 'hierarchical' is not implemented
2026-01-16 00:29:17,626 - Wordcloud - ERROR - Could not load font /Users/janblaha/diplomka/wordcloud/wordcloud/fonts/Arial Unicode.ttf at size 56: Strategy 'hierarchical' is not implemented.
2026-01-16 00:29:17,817 - wordcloud.utils.integral_image - ERROR - Strategy 'hierarchical' is not implemented
2026-01-16 00:29:17,818 - Wordcloud - ERROR - Could not load font /Users/janblaha/diplomka/wordcloud/wordcloud/fonts/Arial Unicode.ttf at size 54: Strategy 'hierarchical' is not implemented.
2026-01-16 00:29:18,012 - wordcloud.utils.integral_image - ERROR - Strategy 'hierarchical' is not implemented
2026-01-16 00:29:18,012 - Wordcloud - ERROR - Could not load font /Users/janblaha/diplomka/wordcloud/wordcloud/fonts/Arial Unicode.ttf at size 52: Strategy 'hierarchical' is not implemented.
2026-01-16 00:29:18,209 - wordcloud.utils.integral_image - ERROR - Strategy 'hierarchical' is not implemented
2026-01-16 00:29:18,209 - Wordcloud - ERROR - Could not load font /Users/janblaha/diplomka/wordcloud/wordcloud/fonts/Arial Unicode.ttf at size 50: Strategy 'hierarchical' is not implemented.
2026-01-16 00:29:18,409 - wordcloud.utils.integral_image - ERROR - Strategy 'hierarchical' is not implemented
2026-01-16 00:29:18,409 - Wordcloud - ERROR - Could not load font /Users/janblaha/diplomka/wordcloud/wordcloud/fonts/Arial Unicode.ttf at size 48: Strategy 'hierarchical' is not implemented.
2026-01-16 00:29:18,608 - wordcloud.utils.integral_image - ERROR - Strategy 'hierarchical' is not implemented
2026-01-16 00:29:18,608 - Wordcloud - ERROR - Could not load font /Users/janblaha/diplomka/wordcloud/wordcloud/fonts/Arial Unicode.ttf at size 46: Strategy 'hierarchical' is not implemented.
2026-01-16 00:29:18,822 - wordcloud.utils.integral_image - ERROR - Strategy 'hierarchical' is not implemented
2026-01-16 00:29:18,822 - Wordcloud - ERROR - Could not load font /Users/janblaha/diplomka/wordcloud/wordcloud/fonts/Arial Unicode.ttf at size 44: Strategy 'hierarchical' is not implemented.
2026-01-16 00:29:19,030 - wordcloud.utils.integral_image - ERROR - Strategy 'hierarchical' is not implemented
2026-01-16 00:29:19,030 - Wordcloud - ERROR - Could not load font /Users/janblaha/diplomka/wordcloud/wordcloud/fonts/Arial Unicode.ttf at size 42: Strategy 'hierarchical' is not implemented.
2026-01-16 00:29:19,233 - wordcloud.utils.integral_image - ERROR - Strategy 'hierarchical' is not implemented
2026-01-16 00:29:19,233 - Wordcloud - ERROR - Could not load font /Users/janblaha/diplomka/wordcloud/wordcloud/fonts/Arial Unicode.ttf at size 40: Strategy 'hierarchical' is not implemented.
2026-01-16 00:29:19,438 - wordcloud.utils.integral_image - ERROR - Strategy 'hierarchical' is not implemented
2026-01-16 00:29:19,438 - Wordcloud - ERROR - Could not load font /Users/janblaha/diplomka/wordcloud/wordcloud/fonts/Arial Unicode.ttf at size 38: Strategy 'hierarchical' is not implemented.
2026-01-16 00:29:19,643 - wordcloud.utils.integral_image - ERROR - Strategy 'hierarchical' is not implemented
2026-01-16 00:29:19,643 - Wordcloud - ERROR - Could not load font /Users/janblaha/diplomka/wordcloud/wordcloud/fonts/Arial Unicode.ttf at size 36: Strategy 'hierarchical' is not implemented.
2026-01-16 00:29:19,857 - wordcloud.utils.integral_image - ERROR - Strategy 'hierarchical' is not implemented
2026-01-16 00:29:19,858 - Wordcloud - ERROR - Could not load font /Users/janblaha/diplomka/wordcloud/wordcloud/fonts/Arial Unicode.ttf at size 34: Strategy 'hierarchical' is not implemented.
2026-01-16 00:29:20,067 - wordcloud.utils.integral_image - ERROR - Strategy 'hierarchical' is not implemented
2026-01-16 00:29:20,067 - Wordcloud - ERROR - Could not load font /Users/janblaha/diplomka/wordcloud/wordcloud/fonts/Arial Unicode.ttf at size 32: Strategy 'hierarchical' is not implemented.
2026-01-16 00:29:20,278 - wordcloud.utils.integral_image - ERROR - Strategy 'hierarchical' is not implemented
2026-01-16 00:29:20,278 - Wordcloud - ERROR - Could not load font /Users/janblaha/diplomka/wordcloud/wordcloud/fonts/Arial Unicode.ttf at size 30: Strategy 'hierarchical' is not implemented.
2026-01-16 00:29:20,489 - wordcloud.utils.integral_image - ERROR - Strategy 'hierarchical' is not implemented
2026-01-16 00:29:20,489 - Wordcloud - ERROR - Could not load font /Users/janblaha/diplomka/wordcloud/wordcloud/fonts/Arial Unicode.ttf at size 28: Strategy 'hierarchical' is not implemented.
2026-01-16 00:29:20,705 - wordcloud.utils.integral_image - ERROR - Strategy 'hierarchical' is not implemented
2026-01-16 00:29:20,705 - Wordcloud - ERROR - Could not load font /Users/janblaha/diplomka/wordcloud/wordcloud/fonts/Arial Unicode.ttf at size 26: Strategy 'hierarchical' is not implemented.
2026-01-16 00:29:20,921 - wordcloud.utils.integral_image - ERROR - Strategy 'hierarchical' is not implemented
2026-01-16 00:29:20,922 - Wordcloud - ERROR - Could not load font /Users/janblaha/diplomka/wordcloud/wordcloud/fonts/Arial Unicode.ttf at size 24: Strategy 'hierarchical' is not implemented.
2026-01-16 00:29:21,141 - wordcloud.utils.integral_image - ERROR - Strategy 'hierarchical' is not implemented
2026-01-16 00:29:21,141 - Wordcloud - ERROR - Could not load font /Users/janblaha/diplomka/wordcloud/wordcloud/fonts/Arial Unicode.ttf at size 22: Strategy 'hierarchical' is not implemented.
2026-01-16 00:29:21,360 - wordcloud.utils.integral_image - ERROR - Strategy 'hierarchical' is not implemented
2026-01-16 00:29:21,360 - Wordcloud - ERROR - Could not load font /Users/janblaha/diplomka/wordcloud/wordcloud/fonts/Arial Unicode.ttf at size 20: Strategy 'hierarchical' is not implemented.
2026-01-16 00:29:21,582 - wordcloud.utils.integral_image - ERROR - Strategy 'hierarchical' is not implemented
2026-01-16 00:29:21,583 - Wordcloud - ERROR - Could not load font /Users/janblaha/diplomka/wordcloud/wordcloud/fonts/Arial Unicode.ttf at size 18: Strategy 'hierarchical' is not implemented.
2026-01-16 00:29:21,805 - wordcloud.utils.integral_image - ERROR - Strategy 'hierarchical' is not implemented
2026-01-16 00:29:21,806 - Wordcloud - ERROR - Could not load font /Users/janblaha/diplomka/wordcloud/wordcloud/fonts/Arial Unicode.ttf at size 16: Strategy 'hierarchical' is not implemented.
2026-01-16 00:29:22,030 - wordcloud.utils.integral_image - ERROR - Strategy 'hierarchical' is not implemented
2026-01-16 00:29:22,030 - Wordcloud - ERROR - Could not load font /Users/janblaha/diplomka/wordcloud/wordcloud/fonts/Arial Unicode.ttf at size 14: Strategy 'hierarchical' is not implemented.
2026-01-16 00:29:22,057 - Wordcloud - INFO - Could not place word 'erat' even at min font size 14. Skipping.
2026-01-16 00:29:22,057 - Wordcloud - INFO - Could not place word 'nulla' even at min font size 14. Skipping.
2026-01-16 00:29:22,057 - Wordcloud - INFO - Could not place word 'sit' even at min font size 14. Skipping.
2026-01-16 00:29:22,057 - Wordcloud - INFO - Could not place word 'non' even at min font size 14. Skipping.
2026-01-16 00:29:22,057 - Wordcloud - INFO - Could not place word 'amet' even at min font size 14. Skipping.
2026-01-16 00:29:22,057 - Wordcloud - INFO - Could not place word 'leo' even at min font size 14. Skipping.
2026-01-16 00:29:22,057 - Wordcloud - INFO - Could not place word 'aliquam' even at min font size 14. Skipping.
2026-01-16 00:29:22,057 - Wordcloud - INFO - Could not place word 'vitae' even at min font size 14. Skipping.
2026-01-16 00:29:22,057 - Wordcloud - INFO - Could not place word 'vestibulum' even at min font size 14. Skipping.
2026-01-16 00:29:22,057 - Wordcloud - INFO - Could not place word 'elit' even at min font size 14. Skipping.
2026-01-16 00:29:22,057 - Wordcloud - INFO - Could not place word 'enim' even at min font size 14. Skipping.
2026-01-16 00:29:22,057 - Wordcloud - INFO - Could not place word 'suscipit' even at min font size 14. Skipping.
2026-01-16 00:29:22,057 - Wordcloud - INFO - Could not place word 'vel' even at min font size 14. Skipping.
2026-01-16 00:29:22,057 - Wordcloud - INFO - Could not place word 'quis' even at min font size 14. Skipping.
2026-01-16 00:29:22,057 - Wordcloud - INFO - Could not place word 'fermentum' even at min font size 14. Skipping.
2026-01-16 00:29:22,057 - Wordcloud - INFO - Could not place word 'sem' even at min font size 14. Skipping.
2026-01-16 00:29:22,057 - Wordcloud - INFO - Could not place word 'rutrum' even at min font size 14. Skipping.
2026-01-16 00:29:22,057 - Wordcloud - INFO - Could not place word 'sapien' even at min font size 14. Skipping.
2026-01-16 00:29:22,057 - Wordcloud - INFO - Could not place word 'mauris' even at min font size 14. Skipping.
2026-01-16 00:29:22,057 - Wordcloud - INFO - Could not place word 'ipsum' even at min font size 14. Skipping.
2026-01-16 00:29:22,057 - Wordcloud - INFO - Could not place word 'dolor' even at min font size 14. Skipping.
2026-01-16 00:29:22,057 - Wordcloud - INFO - Could not place word 'nonummy' even at min font size 14. Skipping.
2026-01-16 00:29:22,057 - Wordcloud - INFO - Could not place word 'malesuada' even at min font size 14. Skipping.
2026-01-16 00:29:22,057 - Wordcloud - INFO - Could not place word 'fusce' even at min font size 14. Skipping.
2026-01-16 00:29:22,057 - Wordcloud - INFO - Could not place word 'dui' even at min font size 14. Skipping.
2026-01-16 00:29:22,057 - Wordcloud - INFO - Could not place word 'velit' even at min font size 14. Skipping.
2026-01-16 00:29:22,057 - Wordcloud - INFO - Could not place word 'nullam' even at min font size 14. Skipping.
2026-01-16 00:29:22,057 - Wordcloud - INFO - Could not place word 'sed' even at min font size 14. Skipping.
2026-01-16 00:29:22,057 - Wordcloud - INFO - Could not place word 'nec' even at min font size 14. Skipping.
2026-01-16 00:29:22,057 - Wordcloud - INFO - Could not place word 'dapibus' even at min font size 14. Skipping.
2026-01-16 00:29:22,057 - Wordcloud - INFO - Could not place word 'lorem' even at min font size 14. Skipping.
2026-01-16 00:29:22,057 - Wordcloud - INFO - Could not place word 'vivamus' even at min font size 14. Skipping.
2026-01-16 00:29:22,057 - Wordcloud - INFO - Could not place word 'integer' even at min font size 14. Skipping.
2026-01-16 00:29:22,057 - Wordcloud - INFO - Could not place word 'consequat' even at min font size 14. Skipping.
2026-01-16 00:29:22,058 - Wordcloud - INFO - Could not place word 'arcu' even at min font size 14. Skipping.
2026-01-16 00:29:22,058 - Wordcloud - INFO - Could not place word 'volutpat' even at min font size 14. Skipping.
2026-01-16 00:29:22,058 - Wordcloud - INFO - Could not place word 'est' even at min font size 14. Skipping.
2026-01-16 00:29:22,058 - Wordcloud - INFO - Could not place word 'diam' even at min font size 14. Skipping.
2026-01-16 00:29:22,058 - Wordcloud - INFO - Could not place word 'omnis' even at min font size 14. Skipping.
2026-01-16 00:29:22,058 - Wordcloud - INFO - Could not place word 'maecenas' even at min font size 14. Skipping.
2026-01-16 00:29:22,058 - Wordcloud - INFO - Could not place word 'aenean' even at min font size 14. Skipping.
2026-01-16 00:29:22,058 - Wordcloud - INFO - Could not place word 'sagittis' even at min font size 14. Skipping.
2026-01-16 00:29:22,058 - Wordcloud - INFO - Could not place word 'quam' even at min font size 14. Skipping.
2026-01-16 00:29:22,058 - Wordcloud - INFO - Could not place word 'accumsan' even at min font size 14. Skipping.
2026-01-16 00:29:22,058 - Wordcloud - INFO - Could not place word 'tempor' even at min font size 14. Skipping.
2026-01-16 00:29:22,058 - Wordcloud - INFO - Could not place word 'ullamcorper' even at min font size 14. Skipping.
2026-01-16 00:29:22,058 - Wordcloud - INFO - Could not place word 'libero' even at min font size 14. Skipping.
2026-01-16 00:29:22,058 - Wordcloud - INFO - Could not place word 'consectetuer' even at min font size 14. Skipping.
2026-01-16 00:29:22,058 - Wordcloud - INFO - Could not place word 'eget' even at min font size 14. Skipping.
2026-01-16 00:29:22,058 - Wordcloud - INFO - Could not place word 'porttitor' even at min font size 14. Skipping.
2026-01-16 00:29:22,058 - Wordcloud - INFO - Could not place word 'turpis' even at min font size 14. Skipping.
2026-01-16 00:29:22,058 - Wordcloud - INFO - Could not place word 'orci' even at min font size 14. Skipping.
2026-01-16 00:29:22,058 - Wordcloud - INFO - Could not place word 'luctus' even at min font size 14. Skipping.
2026-01-16 00:29:22,058 - Wordcloud - INFO - Could not place word 'pellentesque' even at min font size 14. Skipping.
2026-01-16 00:29:22,058 - Wordcloud - INFO - Could not place word 'faucibus' even at min font size 14. Skipping.
2026-01-16 00:29:22,058 - Wordcloud - INFO - Could not place word 'interdum' even at min font size 14. Skipping.
2026-01-16 00:29:22,058 - Wordcloud - INFO - Could not place word 'phasellus' even at min font size 14. Skipping.
2026-01-16 00:29:22,058 - Wordcloud - INFO - Could not place word 'magna' even at min font size 14. Skipping.
2026-01-16 00:29:22,058 - Wordcloud - INFO - Could not place word 'vehicula' even at min font size 14. Skipping.
2026-01-16 00:29:22,058 - Wordcloud - INFO - Could not place word 'tortor' even at min font size 14. Skipping.
2026-01-16 00:29:22,058 - Wordcloud - INFO - Could not place word 'ante' even at min font size 14. Skipping.
2026-01-16 00:29:22,058 - Wordcloud - INFO - Could not place word 'etiam' even at min font size 14. Skipping.
2026-01-16 00:29:22,058 - Wordcloud - INFO - Could not place word 'lacinia' even at min font size 14. Skipping.
2026-01-16 00:29:22,058 - Wordcloud - INFO - Could not place word 'adipiscing' even at min font size 14. Skipping.
2026-01-16 00:29:22,058 - Wordcloud - INFO - Could not place word 'morbi' even at min font size 14. Skipping.
2026-01-16 00:29:22,058 - Wordcloud - INFO - Could not place word 'tristique' even at min font size 14. Skipping.
2026-01-16 00:29:22,058 - Wordcloud - INFO - Could not place word 'rhoncus' even at min font size 14. Skipping.
2026-01-16 00:29:22,058 - Wordcloud - INFO - Could not place word 'vulputate' even at min font size 14. Skipping.
2026-01-16 00:29:22,058 - Wordcloud - INFO - Could not place word 'nibh' even at min font size 14. Skipping.
2026-01-16 00:29:22,058 - Wordcloud - INFO - Could not place word 'imperdiet' even at min font size 14. Skipping.
2026-01-16 00:29:22,058 - Wordcloud - INFO - Could not place word 'commodo' even at min font size 14. Skipping.
2026-01-16 00:29:22,058 - Wordcloud - INFO - Could not place word 'suspendisse' even at min font size 14. Skipping.
2026-01-16 00:29:22,058 - Wordcloud - INFO - Could not place word 'wisi' even at min font size 14. Skipping.
2026-01-16 00:29:22,058 - Wordcloud - INFO - Could not place word 'lobortis' even at min font size 14. Skipping.
2026-01-16 00:29:22,058 - Wordcloud - INFO - Could not place word 'posuere' even at min font size 14. Skipping.
2026-01-16 00:29:22,058 - Wordcloud - INFO - Could not place word 'gravida' even at min font size 14. Skipping.
2026-01-16 00:29:22,058 - Wordcloud - INFO - Could not place word 'perspiciatis' even at min font size 14. Skipping.
2026-01-16 00:29:22,058 - Wordcloud - INFO - Could not place word 'unde' even at min font size 14. Skipping.
2026-01-16 00:29:22,058 - Wordcloud - INFO - Could not place word 'iste' even at min font size 14. Skipping.
2026-01-16 00:29:22,058 - Wordcloud - INFO - Could not place word 'natus' even at min font size 14. Skipping.
2026-01-16 00:29:22,058 - Wordcloud - INFO - Could not place word 'error' even at min font size 14. Skipping.
2026-01-16 00:29:22,058 - Wordcloud - INFO - Could not place word 'voluptatem' even at min font size 14. Skipping.
2026-01-16 00:29:22,058 - Wordcloud - INFO - Could not place word 'accusantium' even at min font size 14. Skipping.
2026-01-16 00:29:22,058 - Wordcloud - INFO - Could not place word 'doloremque' even at min font size 14. Skipping.
2026-01-16 00:29:22,058 - Wordcloud - INFO - Could not place word 'laudantium' even at min font size 14. Skipping.
2026-01-16 00:29:22,058 - Wordcloud - INFO - Could not place word 'totam' even at min font size 14. Skipping.
2026-01-16 00:29:22,058 - Wordcloud - INFO - Could not place word 'rem' even at min font size 14. Skipping.
2026-01-16 00:29:22,058 - Wordcloud - INFO - Could not place word 'aperiam' even at min font size 14. Skipping.
2026-01-16 00:29:22,058 - Wordcloud - INFO - Could not place word 'eaque' even at min font size 14. Skipping.
2026-01-16 00:29:22,058 - Wordcloud - INFO - Could not place word 'ipsa' even at min font size 14. Skipping.
2026-01-16 00:29:22,058 - Wordcloud - INFO - Could not place word 'quae' even at min font size 14. Skipping.
2026-01-16 00:29:22,058 - Wordcloud - INFO - Could not place word 'illo' even at min font size 14. Skipping.
2026-01-16 00:29:22,058 - Wordcloud - INFO - Could not place word 'inventore' even at min font size 14. Skipping.
2026-01-16 00:29:22,058 - Wordcloud - INFO - Could not place word 'veritatis' even at min font size 14. Skipping.
2026-01-16 00:29:22,058 - Wordcloud - INFO - Could not place word 'quasi' even at min font size 14. Skipping.
2026-01-16 00:29:22,058 - Wordcloud - INFO - Could not place word 'architecto' even at min font size 14. Skipping.
2026-01-16 00:29:22,058 - Wordcloud - INFO - Could not place word 'beatae' even at min font size 14. Skipping.
2026-01-16 00:29:22,058 - Wordcloud - INFO - Could not place word 'dicta' even at min font size 14. Skipping.
2026-01-16 00:29:22,058 - Wordcloud - INFO - Could not place word 'sunt' even at min font size 14. Skipping.
2026-01-16 00:29:22,058 - Wordcloud - INFO - Could not place word 'explicabo' even at min font size 14. Skipping.
2026-01-16 00:29:22,058 - Wordcloud - INFO - Could not place word 'veniam' even at min font size 14. Skipping.
2026-01-16 00:29:22,058 - Wordcloud - INFO - Could not place word 'nisi' even at min font size 14. Skipping.
2026-01-16 00:29:22,058 - Wordcloud - INFO - Could not place word 'venenatis' even at min font size 14. Skipping.
2026-01-16 00:29:22,058 - Wordcloud - INFO - Could not place word 'tincidunt' even at min font size 14. Skipping.
2026-01-16 00:29:22,058 - Wordcloud - INFO - Could not place word 'pede' even at min font size 14. Skipping.
2026-01-16 00:29:22,058 - Wordcloud - INFO - Could not place word 'per' even at min font size 14. Skipping.
2026-01-16 00:29:22,058 - Wordcloud - INFO - Could not place word 'metus' even at min font size 14. Skipping.
2026-01-16 00:29:22,058 - Wordcloud - INFO - Could not place word 'tellus' even at min font size 14. Skipping.
2026-01-16 00:29:22,058 - Wordcloud - INFO - Could not place word 'felis' even at min font size 14. Skipping.
2026-01-16 00:29:22,058 - Wordcloud - INFO - Could not place word 'varius' even at min font size 14. Skipping.
2026-01-16 00:29:22,058 - Wordcloud - INFO - Could not place word 'semper' even at min font size 14. Skipping.
2026-01-16 00:29:22,059 - Wordcloud - INFO - Could not place word 'mollis' even at min font size 14. Skipping.
2026-01-16 00:29:22,059 - Wordcloud - INFO - Could not place word 'curabitur' even at min font size 14. Skipping.
2026-01-16 00:29:22,059 - Wordcloud - INFO - Could not place word 'pretium' even at min font size 14. Skipping.
2026-01-16 00:29:22,059 - Wordcloud - INFO - Could not place word 'pulvinar' even at min font size 14. Skipping.
2026-01-16 00:29:22,059 - Wordcloud - INFO - Could not place word 'massa' even at min font size 14. Skipping.
2026-01-16 00:29:22,059 - Wordcloud - INFO - Could not place word 'augue' even at min font size 14. Skipping.
2026-01-16 00:29:22,059 - Wordcloud - INFO - Could not place word 'sollicitudin' even at min font size 14. Skipping.
2026-01-16 00:29:22,059 - Wordcloud - INFO - Could not place word 'quisque' even at min font size 14. Skipping.
2026-01-16 00:29:22,059 - Wordcloud - INFO - Could not place word 'porta' even at min font size 14. Skipping.
2026-01-16 00:29:22,059 - Wordcloud - INFO - Could not place word 'justo' even at min font size 14. Skipping.
2026-01-16 00:29:22,059 - Wordcloud - INFO - Could not place word 'pharetra' even at min font size 14. Skipping.
2026-01-16 00:29:22,059 - Wordcloud - INFO - Could not place word 'feugiat' even at min font size 14. Skipping.
2026-01-16 00:29:22,059 - Wordcloud - INFO - Could not place word 'scelerisque' even at min font size 14. Skipping.
2026-01-16 00:29:22,059 - Wordcloud - INFO - Could not place word 'nisl' even at min font size 14. Skipping.
2026-01-16 00:29:22,059 - Wordcloud - INFO - Could not place word 'ornare' even at min font size 14. Skipping.
2026-01-16 00:29:22,059 - Wordcloud - INFO - Could not place word 'minim' even at min font size 14. Skipping.
2026-01-16 00:29:22,059 - Wordcloud - INFO - Could not place word 'nostrud' even at min font size 14. Skipping.
2026-01-16 00:29:22,059 - Wordcloud - INFO - Could not place word 'exercitation' even at min font size 14. Skipping.
2026-01-16 00:29:22,059 - Wordcloud - INFO - Could not place word 'ullamco' even at min font size 14. Skipping.
2026-01-16 00:29:22,059 - Wordcloud - INFO - Could not place word 'laboris' even at min font size 14. Skipping.
2026-01-16 00:29:22,059 - Wordcloud - INFO - Could not place word 'aliquip' even at min font size 14. Skipping.
2026-01-16 00:29:22,059 - Wordcloud - INFO - Could not place word 'duis' even at min font size 14. Skipping.
2026-01-16 00:29:22,059 - Wordcloud - INFO - Could not place word 'molestie' even at min font size 14. Skipping.
2026-01-16 00:29:22,059 - Wordcloud - INFO - Could not place word 'purus' even at min font size 14. Skipping.
2026-01-16 00:29:22,059 - Wordcloud - INFO - Could not place word 'congue' even at min font size 14. Skipping.
2026-01-16 00:29:22,059 - Wordcloud - INFO - Could not place word 'class' even at min font size 14. Skipping.
2026-01-16 00:29:22,059 - Wordcloud - INFO - Could not place word 'aptent' even at min font size 14. Skipping.
2026-01-16 00:29:22,059 - Wordcloud - INFO - Could not place word 'taciti' even at min font size 14. Skipping.
2026-01-16 00:29:22,059 - Wordcloud - INFO - Could not place word 'sociosqu' even at min font size 14. Skipping.
2026-01-16 00:29:22,059 - Wordcloud - INFO - Could not place word 'litora' even at min font size 14. Skipping.
2026-01-16 00:29:22,059 - Wordcloud - INFO - Could not place word 'torquent' even at min font size 14. Skipping.
2026-01-16 00:29:22,059 - Wordcloud - INFO - Could not place word 'conubia' even at min font size 14. Skipping.
2026-01-16 00:29:22,059 - Wordcloud - INFO - Could not place word 'nostra' even at min font size 14. Skipping.
2026-01-16 00:29:22,059 - Wordcloud - INFO - Could not place word 'inceptos' even at min font size 14. Skipping.
2026-01-16 00:29:22,059 - Wordcloud - INFO - Could not place word 'hymenaeos' even at min font size 14. Skipping.
2026-01-16 00:29:22,059 - Wordcloud - INFO - Could not place word 'odio' even at min font size 14. Skipping.
2026-01-16 00:29:22,059 - Wordcloud - INFO - Could not place word 'placerat' even at min font size 14. Skipping.
2026-01-16 00:29:22,059 - Wordcloud - INFO - Could not place word 'praesent' even at min font size 14. Skipping.
2026-01-16 00:29:22,059 - Wordcloud - INFO - Could not place word 'cursus' even at min font size 14. Skipping.
2026-01-16 00:29:22,059 - Wordcloud - INFO - Could not place word 'cras' even at min font size 14. Skipping.
2026-01-16 00:29:22,059 - Wordcloud - INFO - Could not place word 'neque' even at min font size 14. Skipping.
2026-01-16 00:29:22,059 - Wordcloud - INFO - Could not place word 'fringilla' even at min font size 14. Skipping.
2026-01-16 00:29:22,059 - Wordcloud - INFO - Could not place word 'donec' even at min font size 14. Skipping.
2026-01-16 00:29:22,059 - Wordcloud - INFO - Could not place word 'iaculis' even at min font size 14. Skipping.
2026-01-16 00:29:22,059 - Wordcloud - INFO - Could not place word 'egestas' even at min font size 14. Skipping.
2026-01-16 00:29:22,059 - Wordcloud - INFO - Could not place word 'ligula' even at min font size 14. Skipping.
2026-01-16 00:29:22,059 - Wordcloud - INFO - Could not place word 'facilisis' even at min font size 14. Skipping.
2026-01-16 00:29:22,059 - Wordcloud - INFO - Could not place word 'minima' even at min font size 14. Skipping.
2026-01-16 00:29:22,059 - Wordcloud - INFO - Could not place word 'nostrum' even at min font size 14. Skipping.
2026-01-16 00:29:22,059 - Wordcloud - INFO - Could not place word 'exercitationem' even at min font size 14. Skipping.
2026-01-16 00:29:22,059 - Wordcloud - INFO - Could not place word 'ullam' even at min font size 14. Skipping.
2026-01-16 00:29:22,059 - Wordcloud - INFO - Could not place word 'corporis' even at min font size 14. Skipping.
2026-01-16 00:29:22,059 - Wordcloud - INFO - Could not place word 'laboriosam' even at min font size 14. Skipping.
2026-01-16 00:29:22,059 - Wordcloud - INFO - Could not place word 'aliquid' even at min font size 14. Skipping.
2026-01-16 00:29:22,059 - Wordcloud - INFO - Could not place word 'commodi' even at min font size 14. Skipping.
2026-01-16 00:29:22,059 - Wordcloud - INFO - Could not place word 'consequatur' even at min font size 14. Skipping.
2026-01-16 00:29:22,059 - Wordcloud - INFO - Could not place word 'ultrices' even at min font size 14. Skipping.
2026-01-16 00:29:22,059 - Wordcloud - INFO - Could not place word 'nam' even at min font size 14. Skipping.
2026-01-16 00:29:22,059 - Wordcloud - INFO - Could not place word 'tempore' even at min font size 14. Skipping.
2026-01-16 00:29:22,059 - Wordcloud - INFO - Could not place word 'cum' even at min font size 14. Skipping.
2026-01-16 00:29:22,059 - Wordcloud - INFO - Could not place word 'soluta' even at min font size 14. Skipping.
2026-01-16 00:29:22,059 - Wordcloud - INFO - Could not place word 'nobis' even at min font size 14. Skipping.
2026-01-16 00:29:22,059 - Wordcloud - INFO - Could not place word 'eligendi' even at min font size 14. Skipping.
2026-01-16 00:29:22,059 - Wordcloud - INFO - Could not place word 'optio' even at min font size 14. Skipping.
2026-01-16 00:29:22,059 - Wordcloud - INFO - Could not place word 'cumque' even at min font size 14. Skipping.
2026-01-16 00:29:22,059 - Wordcloud - INFO - Could not place word 'nihil' even at min font size 14. Skipping.
2026-01-16 00:29:22,059 - Wordcloud - INFO - Could not place word 'impedit' even at min font size 14. Skipping.
2026-01-16 00:29:22,059 - Wordcloud - INFO - Could not place word 'quo' even at min font size 14. Skipping.
2026-01-16 00:29:22,059 - Wordcloud - INFO - Could not place word 'minus' even at min font size 14. Skipping.
2026-01-16 00:29:22,059 - Wordcloud - INFO - Could not place word 'quod' even at min font size 14. Skipping.
2026-01-16 00:29:22,059 - Wordcloud - INFO - Could not place word 'maxime' even at min font size 14. Skipping.
2026-01-16 00:29:22,059 - Wordcloud - INFO - Could not place word 'placeat' even at min font size 14. Skipping.
2026-01-16 00:29:22,059 - Wordcloud - INFO - Could not place word 'facere' even at min font size 14. Skipping.
2026-01-16 00:29:22,059 - Wordcloud - INFO - Could not place word 'possimus' even at min font size 14. Skipping.
2026-01-16 00:29:22,059 - Wordcloud - INFO - Could not place word 'voluptas' even at min font size 14. Skipping.
2026-01-16 00:29:22,059 - Wordcloud - INFO - Could not place word 'assumenda' even at min font size 14. Skipping.
2026-01-16 00:29:22,059 - Wordcloud - INFO - Could not place word 'repellendus' even at min font size 14. Skipping.
2026-01-16 00:29:22,059 - Wordcloud - INFO - Could not place word 'dictum' even at min font size 14. Skipping.
2026-01-16 00:29:22,059 - Wordcloud - INFO - Could not place word 'nunc' even at min font size 14. Skipping.
2026-01-16 00:29:22,059 - Wordcloud - INFO - Could not place word 'euismod' even at min font size 14. Skipping.
2026-01-16 00:29:22,059 - Wordcloud - INFO - Could not place word 'risus' even at min font size 14. Skipping.
2026-01-16 00:29:22,059 - Wordcloud - INFO - Successfully placed 0 words
2026-01-16 00:29:22,060 - Wordcloud - INFO - Wordcloud generation completed
2026-01-16 00:29:22,060 - wordcloud.utils.font_utils - INFO - FontCache initialized
2026-01-16 00:29:22,060 - wordcloud.utils.text_processing - INFO - TextProcessor initialized: min_word_length=3, max_words=200, language=None, stemming=False, lemmatization=False, n_gram_range=None
2026-01-16 00:29:22,060 - Wordcloud - INFO - Wordcloud initialized: 800x500, strategy='grid', max_words=200, performance_tracking=False
2026-01-16 00:29:22,062 - Wordcloud - INFO - Starting wordcloud generation
2026-01-16 00:29:22,062 - Wordcloud - INFO - Preparing text (length: 3967 characters)
2026-01-16 00:29:22,075 - Wordcloud - INFO - Prepared 192 words for wordcloud
2026-01-16 00:29:22,075 - Wordcloud - INFO - Finding positions for 192 words using strategy 'grid'
2026-01-16 00:29:22,075 - wordcloud.utils.integral_image - INFO - IntegralImage initialized: 800x500, tracing=False, mask=none
2026-01-16 00:29:36,714 - Wordcloud - INFO - Could not place word 'adipiscing' even at min font size 14. Skipping.
2026-01-16 00:29:36,715 - Wordcloud - INFO - Could not place word 'morbi' even at min font size 14. Skipping.
2026-01-16 00:29:36,715 - Wordcloud - INFO - Could not place word 'tristique' even at min font size 14. Skipping.
2026-01-16 00:29:36,715 - Wordcloud - INFO - Could not place word 'rhoncus' even at min font size 14. Skipping.
2026-01-16 00:29:36,715 - Wordcloud - INFO - Could not place word 'vulputate' even at min font size 14. Skipping.
2026-01-16 00:29:36,715 - Wordcloud - INFO - Could not place word 'nibh' even at min font size 14. Skipping.
2026-01-16 00:29:36,715 - Wordcloud - INFO - Could not place word 'imperdiet' even at min font size 14. Skipping.
2026-01-16 00:29:36,715 - Wordcloud - INFO - Could not place word 'commodo' even at min font size 14. Skipping.
2026-01-16 00:29:36,715 - Wordcloud - INFO - Could not place word 'suspendisse' even at min font size 14. Skipping.
2026-01-16 00:29:36,715 - Wordcloud - INFO - Could not place word 'wisi' even at min font size 14. Skipping.
2026-01-16 00:29:36,715 - Wordcloud - INFO - Could not place word 'lobortis' even at min font size 14. Skipping.
2026-01-16 00:29:36,715 - Wordcloud - INFO - Could not place word 'posuere' even at min font size 14. Skipping.
2026-01-16 00:29:36,715 - Wordcloud - INFO - Could not place word 'gravida' even at min font size 14. Skipping.
2026-01-16 00:29:36,715 - Wordcloud - INFO - Could not place word 'perspiciatis' even at min font size 14. Skipping.
2026-01-16 00:29:36,715 - Wordcloud - INFO - Could not place word 'unde' even at min font size 14. Skipping.
2026-01-16 00:29:36,715 - Wordcloud - INFO - Could not place word 'iste' even at min font size 14. Skipping.
2026-01-16 00:29:36,715 - Wordcloud - INFO - Could not place word 'natus' even at min font size 14. Skipping.
2026-01-16 00:29:36,715 - Wordcloud - INFO - Could not place word 'error' even at min font size 14. Skipping.
2026-01-16 00:29:36,715 - Wordcloud - INFO - Could not place word 'voluptatem' even at min font size 14. Skipping.
2026-01-16 00:29:36,715 - Wordcloud - INFO - Could not place word 'accusantium' even at min font size 14. Skipping.
2026-01-16 00:29:36,715 - Wordcloud - INFO - Could not place word 'doloremque' even at min font size 14. Skipping.
2026-01-16 00:29:36,715 - Wordcloud - INFO - Could not place word 'laudantium' even at min font size 14. Skipping.
2026-01-16 00:29:36,715 - Wordcloud - INFO - Could not place word 'totam' even at min font size 14. Skipping.
2026-01-16 00:29:36,715 - Wordcloud - INFO - Could not place word 'rem' even at min font size 14. Skipping.
2026-01-16 00:29:36,715 - Wordcloud - INFO - Could not place word 'aperiam' even at min font size 14. Skipping.
2026-01-16 00:29:36,715 - Wordcloud - INFO - Could not place word 'eaque' even at min font size 14. Skipping.
2026-01-16 00:29:36,715 - Wordcloud - INFO - Could not place word 'ipsa' even at min font size 14. Skipping.
2026-01-16 00:29:36,715 - Wordcloud - INFO - Could not place word 'quae' even at min font size 14. Skipping.
2026-01-16 00:29:36,715 - Wordcloud - INFO - Could not place word 'illo' even at min font size 14. Skipping.
2026-01-16 00:29:36,715 - Wordcloud - INFO - Could not place word 'inventore' even at min font size 14. Skipping.
2026-01-16 00:29:36,715 - Wordcloud - INFO - Could not place word 'veritatis' even at min font size 14. Skipping.
2026-01-16 00:29:36,715 - Wordcloud - INFO - Could not place word 'quasi' even at min font size 14. Skipping.
2026-01-16 00:29:36,716 - Wordcloud - INFO - Could not place word 'architecto' even at min font size 14. Skipping.
2026-01-16 00:29:36,716 - Wordcloud - INFO - Could not place word 'beatae' even at min font size 14. Skipping.
2026-01-16 00:29:36,716 - Wordcloud - INFO - Could not place word 'dicta' even at min font size 14. Skipping.
2026-01-16 00:29:36,716 - Wordcloud - INFO - Could not place word 'sunt' even at min font size 14. Skipping.
2026-01-16 00:29:36,716 - Wordcloud - INFO - Could not place word 'explicabo' even at min font size 14. Skipping.
2026-01-16 00:29:36,716 - Wordcloud - INFO - Could not place word 'veniam' even at min font size 14. Skipping.
2026-01-16 00:29:36,716 - Wordcloud - INFO - Could not place word 'nisi' even at min font size 14. Skipping.
2026-01-16 00:29:36,716 - Wordcloud - INFO - Could not place word 'venenatis' even at min font size 14. Skipping.
2026-01-16 00:29:36,716 - Wordcloud - INFO - Could not place word 'tincidunt' even at min font size 14. Skipping.
2026-01-16 00:29:36,716 - Wordcloud - INFO - Could not place word 'pede' even at min font size 14. Skipping.
2026-01-16 00:29:36,716 - Wordcloud - INFO - Could not place word 'per' even at min font size 14. Skipping.
2026-01-16 00:29:36,716 - Wordcloud - INFO - Could not place word 'metus' even at min font size 14. Skipping.
2026-01-16 00:29:36,716 - Wordcloud - INFO - Could not place word 'tellus' even at min font size 14. Skipping.
2026-01-16 00:29:36,716 - Wordcloud - INFO - Could not place word 'felis' even at min font size 14. Skipping.
2026-01-16 00:29:36,716 - Wordcloud - INFO - Could not place word 'varius' even at min font size 14. Skipping.
2026-01-16 00:29:36,716 - Wordcloud - INFO - Could not place word 'semper' even at min font size 14. Skipping.
2026-01-16 00:29:36,716 - Wordcloud - INFO - Could not place word 'mollis' even at min font size 14. Skipping.
2026-01-16 00:29:36,716 - Wordcloud - INFO - Could not place word 'curabitur' even at min font size 14. Skipping.
2026-01-16 00:29:36,716 - Wordcloud - INFO - Could not place word 'pretium' even at min font size 14. Skipping.
2026-01-16 00:29:36,716 - Wordcloud - INFO - Could not place word 'pulvinar' even at min font size 14. Skipping.
2026-01-16 00:29:36,716 - Wordcloud - INFO - Could not place word 'massa' even at min font size 14. Skipping.
2026-01-16 00:29:36,716 - Wordcloud - INFO - Could not place word 'augue' even at min font size 14. Skipping.
2026-01-16 00:29:36,716 - Wordcloud - INFO - Could not place word 'sollicitudin' even at min font size 14. Skipping.
2026-01-16 00:29:36,716 - Wordcloud - INFO - Could not place word 'quisque' even at min font size 14. Skipping.
2026-01-16 00:29:36,716 - Wordcloud - INFO - Could not place word 'porta' even at min font size 14. Skipping.
2026-01-16 00:29:36,716 - Wordcloud - INFO - Could not place word 'justo' even at min font size 14. Skipping.
2026-01-16 00:29:36,716 - Wordcloud - INFO - Could not place word 'pharetra' even at min font size 14. Skipping.
2026-01-16 00:29:36,716 - Wordcloud - INFO - Could not place word 'feugiat' even at min font size 14. Skipping.
2026-01-16 00:29:36,716 - Wordcloud - INFO - Could not place word 'scelerisque' even at min font size 14. Skipping.
2026-01-16 00:29:36,716 - Wordcloud - INFO - Could not place word 'nisl' even at min font size 14. Skipping.
2026-01-16 00:29:36,716 - Wordcloud - INFO - Could not place word 'ornare' even at min font size 14. Skipping.
2026-01-16 00:29:36,716 - Wordcloud - INFO - Could not place word 'minim' even at min font size 14. Skipping.
2026-01-16 00:29:36,716 - Wordcloud - INFO - Could not place word 'nostrud' even at min font size 14. Skipping.
2026-01-16 00:29:36,716 - Wordcloud - INFO - Could not place word 'exercitation' even at min font size 14. Skipping.
2026-01-16 00:29:36,716 - Wordcloud - INFO - Could not place word 'ullamco' even at min font size 14. Skipping.
2026-01-16 00:29:36,716 - Wordcloud - INFO - Could not place word 'laboris' even at min font size 14. Skipping.
2026-01-16 00:29:36,716 - Wordcloud - INFO - Could not place word 'aliquip' even at min font size 14. Skipping.
2026-01-16 00:29:36,716 - Wordcloud - INFO - Could not place word 'duis' even at min font size 14. Skipping.
2026-01-16 00:29:36,716 - Wordcloud - INFO - Could not place word 'molestie' even at min font size 14. Skipping.
2026-01-16 00:29:36,716 - Wordcloud - INFO - Could not place word 'purus' even at min font size 14. Skipping.
2026-01-16 00:29:36,716 - Wordcloud - INFO - Could not place word 'congue' even at min font size 14. Skipping.
2026-01-16 00:29:36,716 - Wordcloud - INFO - Could not place word 'class' even at min font size 14. Skipping.
2026-01-16 00:29:36,716 - Wordcloud - INFO - Could not place word 'aptent' even at min font size 14. Skipping.
2026-01-16 00:29:36,716 - Wordcloud - INFO - Could not place word 'taciti' even at min font size 14. Skipping.
2026-01-16 00:29:36,716 - Wordcloud - INFO - Could not place word 'sociosqu' even at min font size 14. Skipping.
2026-01-16 00:29:36,716 - Wordcloud - INFO - Could not place word 'litora' even at min font size 14. Skipping.
2026-01-16 00:29:36,716 - Wordcloud - INFO - Could not place word 'torquent' even at min font size 14. Skipping.
2026-01-16 00:29:36,716 - Wordcloud - INFO - Could not place word 'conubia' even at min font size 14. Skipping.
2026-01-16 00:29:36,716 - Wordcloud - INFO - Could not place word 'nostra' even at min font size 14. Skipping.
2026-01-16 00:29:36,716 - Wordcloud - INFO - Could not place word 'inceptos' even at min font size 14. Skipping.
2026-01-16 00:29:36,716 - Wordcloud - INFO - Could not place word 'hymenaeos' even at min font size 14. Skipping.
2026-01-16 00:29:36,716 - Wordcloud - INFO - Could not place word 'odio' even at min font size 14. Skipping.
2026-01-16 00:29:36,716 - Wordcloud - INFO - Could not place word 'placerat' even at min font size 14. Skipping.
2026-01-16 00:29:36,716 - Wordcloud - INFO - Could not place word 'praesent' even at min font size 14. Skipping.
2026-01-16 00:29:36,716 - Wordcloud - INFO - Could not place word 'cursus' even at min font size 14. Skipping.
2026-01-16 00:29:36,716 - Wordcloud - INFO - Could not place word 'cras' even at min font size 14. Skipping.
2026-01-16 00:29:36,716 - Wordcloud - INFO - Could not place word 'neque' even at min font size 14. Skipping.
2026-01-16 00:29:36,716 - Wordcloud - INFO - Could not place word 'fringilla' even at min font size 14. Skipping.
2026-01-16 00:29:36,716 - Wordcloud - INFO - Could not place word 'donec' even at min font size 14. Skipping.
2026-01-16 00:29:36,716 - Wordcloud - INFO - Could not place word 'iaculis' even at min font size 14. Skipping.
2026-01-16 00:29:36,716 - Wordcloud - INFO - Could not place word 'egestas' even at min font size 14. Skipping.
2026-01-16 00:29:36,716 - Wordcloud - INFO - Could not place word 'ligula' even at min font size 14. Skipping.
2026-01-16 00:29:36,716 - Wordcloud - INFO - Could not place word 'facilisis' even at min font size 14. Skipping.
2026-01-16 00:29:36,716 - Wordcloud - INFO - Could not place word 'minima' even at min font size 14. Skipping.
2026-01-16 00:29:36,716 - Wordcloud - INFO - Could not place word 'nostrum' even at min font size 14. Skipping.
2026-01-16 00:29:36,716 - Wordcloud - INFO - Could not place word 'exercitationem' even at min font size 14. Skipping.
2026-01-16 00:29:36,716 - Wordcloud - INFO - Could not place word 'ullam' even at min font size 14. Skipping.
2026-01-16 00:29:36,716 - Wordcloud - INFO - Could not place word 'corporis' even at min font size 14. Skipping.
2026-01-16 00:29:36,716 - Wordcloud - INFO - Could not place word 'laboriosam' even at min font size 14. Skipping.
2026-01-16 00:29:36,716 - Wordcloud - INFO - Could not place word 'aliquid' even at min font size 14. Skipping.
2026-01-16 00:29:36,716 - Wordcloud - INFO - Could not place word 'commodi' even at min font size 14. Skipping.
2026-01-16 00:29:36,716 - Wordcloud - INFO - Could not place word 'consequatur' even at min font size 14. Skipping.
2026-01-16 00:29:36,716 - Wordcloud - INFO - Could not place word 'ultrices' even at min font size 14. Skipping.
2026-01-16 00:29:36,716 - Wordcloud - INFO - Could not place word 'nam' even at min font size 14. Skipping.
2026-01-16 00:29:36,716 - Wordcloud - INFO - Could not place word 'tempore' even at min font size 14. Skipping.
2026-01-16 00:29:36,716 - Wordcloud - INFO - Could not place word 'cum' even at min font size 14. Skipping.
2026-01-16 00:29:36,716 - Wordcloud - INFO - Could not place word 'soluta' even at min font size 14. Skipping.
2026-01-16 00:29:36,716 - Wordcloud - INFO - Could not place word 'nobis' even at min font size 14. Skipping.
2026-01-16 00:29:36,716 - Wordcloud - INFO - Could not place word 'eligendi' even at min font size 14. Skipping.
2026-01-16 00:29:36,716 - Wordcloud - INFO - Could not place word 'optio' even at min font size 14. Skipping.
2026-01-16 00:29:36,716 - Wordcloud - INFO - Could not place word 'cumque' even at min font size 14. Skipping.
2026-01-16 00:29:36,716 - Wordcloud - INFO - Could not place word 'nihil' even at min font size 14. Skipping.
2026-01-16 00:29:36,716 - Wordcloud - INFO - Could not place word 'impedit' even at min font size 14. Skipping.
2026-01-16 00:29:36,716 - Wordcloud - INFO - Could not place word 'quo' even at min font size 14. Skipping.
2026-01-16 00:29:36,716 - Wordcloud - INFO - Could not place word 'minus' even at min font size 14. Skipping.
2026-01-16 00:29:36,717 - Wordcloud - INFO - Could not place word 'quod' even at min font size 14. Skipping.
2026-01-16 00:29:36,717 - Wordcloud - INFO - Could not place word 'maxime' even at min font size 14. Skipping.
2026-01-16 00:29:36,717 - Wordcloud - INFO - Could not place word 'placeat' even at min font size 14. Skipping.
2026-01-16 00:29:36,717 - Wordcloud - INFO - Could not place word 'facere' even at min font size 14. Skipping.
2026-01-16 00:29:36,717 - Wordcloud - INFO - Could not place word 'possimus' even at min font size 14. Skipping.
2026-01-16 00:29:36,717 - Wordcloud - INFO - Could not place word 'voluptas' even at min font size 14. Skipping.
2026-01-16 00:29:36,717 - Wordcloud - INFO - Could not place word 'assumenda' even at min font size 14. Skipping.
2026-01-16 00:29:36,717 - Wordcloud - INFO - Could not place word 'repellendus' even at min font size 14. Skipping.
2026-01-16 00:29:36,717 - Wordcloud - INFO - Could not place word 'dictum' even at min font size 14. Skipping.
2026-01-16 00:29:36,717 - Wordcloud - INFO - Could not place word 'nunc' even at min font size 14. Skipping.
2026-01-16 00:29:36,717 - Wordcloud - INFO - Could not place word 'euismod' even at min font size 14. Skipping.
2026-01-16 00:29:36,717 - Wordcloud - INFO - Could not place word 'risus' even at min font size 14. Skipping.
2026-01-16 00:29:36,717 - Wordcloud - INFO - Successfully placed 63 words
2026-01-16 00:29:36,717 - Wordcloud - INFO - Wordcloud generation completed
2026-01-16 00:29:36,718 - wordcloud.utils.font_utils - INFO - FontCache initialized
2026-01-16 00:29:36,718 - wordcloud.utils.text_processing - INFO - TextProcessor initialized: min_word_length=3, max_words=200, language=None, stemming=False, lemmatization=False, n_gram_range=None
2026-01-16 00:29:36,718 - Wordcloud - INFO - Wordcloud initialized: 800x500, strategy='force_directed', max_words=200, performance_tracking=False
2026-01-16 00:29:36,720 - Wordcloud - INFO - Starting wordcloud generation
2026-01-16 00:29:36,720 - Wordcloud - INFO - Preparing text (length: 3967 characters)
2026-01-16 00:29:36,741 - Wordcloud - INFO - Prepared 192 words for wordcloud
2026-01-16 00:29:36,741 - Wordcloud - INFO - Finding positions for 192 words using strategy 'force_directed'
2026-01-16 00:29:36,742 - wordcloud.utils.integral_image - INFO - IntegralImage initialized: 800x500, tracing=False, mask=none
2026-01-16 00:29:51,824 - Wordcloud - INFO - Could not place word 'adipiscing' even at min font size 14. Skipping.
2026-01-16 00:29:51,824 - Wordcloud - INFO - Could not place word 'morbi' even at min font size 14. Skipping.
2026-01-16 00:29:51,824 - Wordcloud - INFO - Could not place word 'tristique' even at min font size 14. Skipping.
2026-01-16 00:29:51,824 - Wordcloud - INFO - Could not place word 'rhoncus' even at min font size 14. Skipping.
2026-01-16 00:29:51,824 - Wordcloud - INFO - Could not place word 'vulputate' even at min font size 14. Skipping.
2026-01-16 00:29:51,824 - Wordcloud - INFO - Could not place word 'nibh' even at min font size 14. Skipping.
2026-01-16 00:29:51,824 - Wordcloud - INFO - Could not place word 'imperdiet' even at min font size 14. Skipping.
2026-01-16 00:29:51,824 - Wordcloud - INFO - Could not place word 'commodo' even at min font size 14. Skipping.
2026-01-16 00:29:51,824 - Wordcloud - INFO - Could not place word 'suspendisse' even at min font size 14. Skipping.
2026-01-16 00:29:51,824 - Wordcloud - INFO - Could not place word 'wisi' even at min font size 14. Skipping.
2026-01-16 00:29:51,824 - Wordcloud - INFO - Could not place word 'lobortis' even at min font size 14. Skipping.
2026-01-16 00:29:51,824 - Wordcloud - INFO - Could not place word 'posuere' even at min font size 14. Skipping.
2026-01-16 00:29:51,824 - Wordcloud - INFO - Could not place word 'gravida' even at min font size 14. Skipping.
2026-01-16 00:29:51,824 - Wordcloud - INFO - Could not place word 'perspiciatis' even at min font size 14. Skipping.
2026-01-16 00:29:51,824 - Wordcloud - INFO - Could not place word 'unde' even at min font size 14. Skipping.
2026-01-16 00:29:51,824 - Wordcloud - INFO - Could not place word 'iste' even at min font size 14. Skipping.
2026-01-16 00:29:51,824 - Wordcloud - INFO - Could not place word 'natus' even at min font size 14. Skipping.
2026-01-16 00:29:51,824 - Wordcloud - INFO - Could not place word 'error' even at min font size 14. Skipping.
2026-01-16 00:29:51,824 - Wordcloud - INFO - Could not place word 'voluptatem' even at min font size 14. Skipping.
2026-01-16 00:29:51,824 - Wordcloud - INFO - Could not place word 'accusantium' even at min font size 14. Skipping.
2026-01-16 00:29:51,824 - Wordcloud - INFO - Could not place word 'doloremque' even at min font size 14. Skipping.
2026-01-16 00:29:51,824 - Wordcloud - INFO - Could not place word 'laudantium' even at min font size 14. Skipping.
2026-01-16 00:29:51,824 - Wordcloud - INFO - Could not place word 'totam' even at min font size 14. Skipping.
2026-01-16 00:29:51,824 - Wordcloud - INFO - Could not place word 'rem' even at min font size 14. Skipping.
2026-01-16 00:29:51,824 - Wordcloud - INFO - Could not place word 'aperiam' even at min font size 14. Skipping.
2026-01-16 00:29:51,824 - Wordcloud - INFO - Could not place word 'eaque' even at min font size 14. Skipping.
2026-01-16 00:29:51,824 - Wordcloud - INFO - Could not place word 'ipsa' even at min font size 14. Skipping.
2026-01-16 00:29:51,825 - Wordcloud - INFO - Could not place word 'quae' even at min font size 14. Skipping.
2026-01-16 00:29:51,825 - Wordcloud - INFO - Could not place word 'illo' even at min font size 14. Skipping.
2026-01-16 00:29:51,825 - Wordcloud - INFO - Could not place word 'inventore' even at min font size 14. Skipping.
2026-01-16 00:29:51,825 - Wordcloud - INFO - Could not place word 'veritatis' even at min font size 14. Skipping.
2026-01-16 00:29:51,825 - Wordcloud - INFO - Could not place word 'quasi' even at min font size 14. Skipping.
2026-01-16 00:29:51,825 - Wordcloud - INFO - Could not place word 'architecto' even at min font size 14. Skipping.
2026-01-16 00:29:51,825 - Wordcloud - INFO - Could not place word 'beatae' even at min font size 14. Skipping.
2026-01-16 00:29:51,825 - Wordcloud - INFO - Could not place word 'dicta' even at min font size 14. Skipping.
2026-01-16 00:29:51,825 - Wordcloud - INFO - Could not place word 'sunt' even at min font size 14. Skipping.
2026-01-16 00:29:51,825 - Wordcloud - INFO - Could not place word 'explicabo' even at min font size 14. Skipping.
2026-01-16 00:29:51,825 - Wordcloud - INFO - Could not place word 'veniam' even at min font size 14. Skipping.
2026-01-16 00:29:51,825 - Wordcloud - INFO - Could not place word 'nisi' even at min font size 14. Skipping.
2026-01-16 00:29:51,825 - Wordcloud - INFO - Could not place word 'venenatis' even at min font size 14. Skipping.
2026-01-16 00:29:51,825 - Wordcloud - INFO - Could not place word 'tincidunt' even at min font size 14. Skipping.
2026-01-16 00:29:51,825 - Wordcloud - INFO - Could not place word 'pede' even at min font size 14. Skipping.
2026-01-16 00:29:51,825 - Wordcloud - INFO - Could not place word 'per' even at min font size 14. Skipping.
2026-01-16 00:29:51,825 - Wordcloud - INFO - Could not place word 'metus' even at min font size 14. Skipping.
2026-01-16 00:29:51,825 - Wordcloud - INFO - Could not place word 'tellus' even at min font size 14. Skipping.
2026-01-16 00:29:51,825 - Wordcloud - INFO - Could not place word 'felis' even at min font size 14. Skipping.
2026-01-16 00:29:51,825 - Wordcloud - INFO - Could not place word 'varius' even at min font size 14. Skipping.
2026-01-16 00:29:51,825 - Wordcloud - INFO - Could not place word 'semper' even at min font size 14. Skipping.
2026-01-16 00:29:51,825 - Wordcloud - INFO - Could not place word 'mollis' even at min font size 14. Skipping.
2026-01-16 00:29:51,825 - Wordcloud - INFO - Could not place word 'curabitur' even at min font size 14. Skipping.
2026-01-16 00:29:51,825 - Wordcloud - INFO - Could not place word 'pretium' even at min font size 14. Skipping.
2026-01-16 00:29:51,825 - Wordcloud - INFO - Could not place word 'pulvinar' even at min font size 14. Skipping.
2026-01-16 00:29:51,825 - Wordcloud - INFO - Could not place word 'massa' even at min font size 14. Skipping.
2026-01-16 00:29:51,825 - Wordcloud - INFO - Could not place word 'augue' even at min font size 14. Skipping.
2026-01-16 00:29:51,825 - Wordcloud - INFO - Could not place word 'sollicitudin' even at min font size 14. Skipping.
2026-01-16 00:29:51,825 - Wordcloud - INFO - Could not place word 'quisque' even at min font size 14. Skipping.
2026-01-16 00:29:51,825 - Wordcloud - INFO - Could not place word 'porta' even at min font size 14. Skipping.
2026-01-16 00:29:51,825 - Wordcloud - INFO - Could not place word 'justo' even at min font size 14. Skipping.
2026-01-16 00:29:51,825 - Wordcloud - INFO - Could not place word 'pharetra' even at min font size 14. Skipping.
2026-01-16 00:29:51,825 - Wordcloud - INFO - Could not place word 'feugiat' even at min font size 14. Skipping.
2026-01-16 00:29:51,825 - Wordcloud - INFO - Could not place word 'scelerisque' even at min font size 14. Skipping.
2026-01-16 00:29:51,825 - Wordcloud - INFO - Could not place word 'nisl' even at min font size 14. Skipping.
2026-01-16 00:29:51,825 - Wordcloud - INFO - Could not place word 'ornare' even at min font size 14. Skipping.
2026-01-16 00:29:51,825 - Wordcloud - INFO - Could not place word 'minim' even at min font size 14. Skipping.
2026-01-16 00:29:51,825 - Wordcloud - INFO - Could not place word 'nostrud' even at min font size 14. Skipping.
2026-01-16 00:29:51,825 - Wordcloud - INFO - Could not place word 'exercitation' even at min font size 14. Skipping.
2026-01-16 00:29:51,825 - Wordcloud - INFO - Could not place word 'ullamco' even at min font size 14. Skipping.
2026-01-16 00:29:51,825 - Wordcloud - INFO - Could not place word 'laboris' even at min font size 14. Skipping.
2026-01-16 00:29:51,825 - Wordcloud - INFO - Could not place word 'aliquip' even at min font size 14. Skipping.
2026-01-16 00:29:51,825 - Wordcloud - INFO - Could not place word 'duis' even at min font size 14. Skipping.
2026-01-16 00:29:51,825 - Wordcloud - INFO - Could not place word 'molestie' even at min font size 14. Skipping.
2026-01-16 00:29:51,825 - Wordcloud - INFO - Could not place word 'purus' even at min font size 14. Skipping.
2026-01-16 00:29:51,825 - Wordcloud - INFO - Could not place word 'congue' even at min font size 14. Skipping.
2026-01-16 00:29:51,825 - Wordcloud - INFO - Could not place word 'class' even at min font size 14. Skipping.
2026-01-16 00:29:51,825 - Wordcloud - INFO - Could not place word 'aptent' even at min font size 14. Skipping.
2026-01-16 00:29:51,825 - Wordcloud - INFO - Could not place word 'taciti' even at min font size 14. Skipping.
2026-01-16 00:29:51,825 - Wordcloud - INFO - Could not place word 'sociosqu' even at min font size 14. Skipping.
2026-01-16 00:29:51,825 - Wordcloud - INFO - Could not place word 'litora' even at min font size 14. Skipping.
2026-01-16 00:29:51,825 - Wordcloud - INFO - Could not place word 'torquent' even at min font size 14. Skipping.
2026-01-16 00:29:51,825 - Wordcloud - INFO - Could not place word 'conubia' even at min font size 14. Skipping.
2026-01-16 00:29:51,825 - Wordcloud - INFO - Could not place word 'nostra' even at min font size 14. Skipping.
2026-01-16 00:29:51,825 - Wordcloud - INFO - Could not place word 'inceptos' even at min font size 14. Skipping.
2026-01-16 00:29:51,825 - Wordcloud - INFO - Could not place word 'hymenaeos' even at min font size 14. Skipping.
2026-01-16 00:29:51,825 - Wordcloud - INFO - Could not place word 'odio' even at min font size 14. Skipping.
2026-01-16 00:29:51,825 - Wordcloud - INFO - Could not place word 'placerat' even at min font size 14. Skipping.
2026-01-16 00:29:51,825 - Wordcloud - INFO - Could not place word 'praesent' even at min font size 14. Skipping.
2026-01-16 00:29:51,825 - Wordcloud - INFO - Could not place word 'cursus' even at min font size 14. Skipping.
2026-01-16 00:29:51,825 - Wordcloud - INFO - Could not place word 'cras' even at min font size 14. Skipping.
2026-01-16 00:29:51,825 - Wordcloud - INFO - Could not place word 'neque' even at min font size 14. Skipping.
2026-01-16 00:29:51,825 - Wordcloud - INFO - Could not place word 'fringilla' even at min font size 14. Skipping.
2026-01-16 00:29:51,825 - Wordcloud - INFO - Could not place word 'donec' even at min font size 14. Skipping.
2026-01-16 00:29:51,825 - Wordcloud - INFO - Could not place word 'iaculis' even at min font size 14. Skipping.
2026-01-16 00:29:51,825 - Wordcloud - INFO - Could not place word 'egestas' even at min font size 14. Skipping.
2026-01-16 00:29:51,825 - Wordcloud - INFO - Could not place word 'ligula' even at min font size 14. Skipping.
2026-01-16 00:29:51,825 - Wordcloud - INFO - Could not place word 'facilisis' even at min font size 14. Skipping.
2026-01-16 00:29:51,825 - Wordcloud - INFO - Could not place word 'minima' even at min font size 14. Skipping.
2026-01-16 00:29:51,825 - Wordcloud - INFO - Could not place word 'nostrum' even at min font size 14. Skipping.
2026-01-16 00:29:51,825 - Wordcloud - INFO - Could not place word 'exercitationem' even at min font size 14. Skipping.
2026-01-16 00:29:51,825 - Wordcloud - INFO - Could not place word 'ullam' even at min font size 14. Skipping.
2026-01-16 00:29:51,825 - Wordcloud - INFO - Could not place word 'corporis' even at min font size 14. Skipping.
2026-01-16 00:29:51,825 - Wordcloud - INFO - Could not place word 'laboriosam' even at min font size 14. Skipping.
2026-01-16 00:29:51,825 - Wordcloud - INFO - Could not place word 'aliquid' even at min font size 14. Skipping.
2026-01-16 00:29:51,825 - Wordcloud - INFO - Could not place word 'commodi' even at min font size 14. Skipping.
2026-01-16 00:29:51,825 - Wordcloud - INFO - Could not place word 'consequatur' even at min font size 14. Skipping.
2026-01-16 00:29:51,825 - Wordcloud - INFO - Could not place word 'ultrices' even at min font size 14. Skipping.
2026-01-16 00:29:51,826 - Wordcloud - INFO - Could not place word 'nam' even at min font size 14. Skipping.
2026-01-16 00:29:51,826 - Wordcloud - INFO - Could not place word 'tempore' even at min font size 14. Skipping.
2026-01-16 00:29:51,826 - Wordcloud - INFO - Could not place word 'cum' even at min font size 14. Skipping.
2026-01-16 00:29:51,826 - Wordcloud - INFO - Could not place word 'soluta' even at min font size 14. Skipping.
2026-01-16 00:29:51,826 - Wordcloud - INFO - Could not place word 'nobis' even at min font size 14. Skipping.
2026-01-16 00:29:51,826 - Wordcloud - INFO - Could not place word 'eligendi' even at min font size 14. Skipping.
2026-01-16 00:29:51,826 - Wordcloud - INFO - Could not place word 'optio' even at min font size 14. Skipping.
2026-01-16 00:29:51,826 - Wordcloud - INFO - Could not place word 'cumque' even at min font size 14. Skipping.
2026-01-16 00:29:51,826 - Wordcloud - INFO - Could not place word 'nihil' even at min font size 14. Skipping.
2026-01-16 00:29:51,826 - Wordcloud - INFO - Could not place word 'impedit' even at min font size 14. Skipping.
2026-01-16 00:29:51,826 - Wordcloud - INFO - Could not place word 'quo' even at min font size 14. Skipping.
2026-01-16 00:29:51,826 - Wordcloud - INFO - Could not place word 'minus' even at min font size 14. Skipping.
2026-01-16 00:29:51,826 - Wordcloud - INFO - Could not place word 'quod' even at min font size 14. Skipping.
2026-01-16 00:29:51,826 - Wordcloud - INFO - Could not place word 'maxime' even at min font size 14. Skipping.
2026-01-16 00:29:51,826 - Wordcloud - INFO - Could not place word 'placeat' even at min font size 14. Skipping.
2026-01-16 00:29:51,826 - Wordcloud - INFO - Could not place word 'facere' even at min font size 14. Skipping.
2026-01-16 00:29:51,826 - Wordcloud - INFO - Could not place word 'possimus' even at min font size 14. Skipping.
2026-01-16 00:29:51,826 - Wordcloud - INFO - Could not place word 'voluptas' even at min font size 14. Skipping.
2026-01-16 00:29:51,826 - Wordcloud - INFO - Could not place word 'assumenda' even at min font size 14. Skipping.
2026-01-16 00:29:51,826 - Wordcloud - INFO - Could not place word 'repellendus' even at min font size 14. Skipping.
2026-01-16 00:29:51,826 - Wordcloud - INFO - Could not place word 'dictum' even at min font size 14. Skipping.
2026-01-16 00:29:51,826 - Wordcloud - INFO - Could not place word 'nunc' even at min font size 14. Skipping.
2026-01-16 00:29:51,826 - Wordcloud - INFO - Could not place word 'euismod' even at min font size 14. Skipping.
2026-01-16 00:29:51,826 - Wordcloud - INFO - Could not place word 'risus' even at min font size 14. Skipping.
2026-01-16 00:29:51,826 - Wordcloud - INFO - Successfully placed 63 words
2026-01-16 00:29:51,826 - Wordcloud - INFO - Wordcloud generation completed
Benchmark: placement strategies
Strategies: random, brute, archimedian, rectangular, archimedian_reverse, rectangular_reverse, KDTree, quad, pytag, pytag_reverse, circular, hierarchical, grid, force_directed

random               10.1272s  placed_words=63
brute                 1.8489s  placed_words=63
archimedian          10.4498s  placed_words=63
rectangular          10.6921s  placed_words=63
archimedian_reverse   10.9480s  placed_words=63
rectangular_reverse   11.0792s  placed_words=63
KDTree               16.5685s  placed_words=63
quad                133.6024s  placed_words=63
pytag                11.2977s  placed_words=63
pytag_reverse        11.2614s  placed_words=63
circular              6.8190s  placed_words=0
hierarchical          6.9130s  placed_words=0
grid                 14.6552s  placed_words=63
force_directed       15.1069s  placed_words=63
